ID;Price;product_url
956678;85,99;https://birmarket.az/product/956678
1266759;169;https://birmarket.az/product/1266759
1517411;84,49;https://birmarket.az/product/1517411
1201883;19,98;https://birmarket.az/product/1201883
442509;111,86;https://birmarket.az/product/442509
715717;24;https://birmarket.az/product/715717
1592359;16,19;https://birmarket.az/product/1592359
431385;55;https://birmarket.az/product/431385
1592507;58,49;https://birmarket.az/product/1592507
;;
475373;50;https://birmarket.az/product/475373
768073;30;https://birmarket.az/product/768073
;;
1487364;45;https://birmarket.az/product/1487364
;;
193542;179;https://birmarket.az/product/193542
1265230;66,32;https://birmarket.az/product/1265230
1555336;27;https://birmarket.az/product/1555336
1266727;315,05;https://birmarket.az/product/1266727
;;
1572160;24,9;https://birmarket.az/product/1572160
;;
1502389;139,89;https://birmarket.az/product/1502389
1216024;39,99;https://birmarket.az/product/1216024
;;
1536922;85,5;https://birmarket.az/product/1536922
;;
;;
1459524;167,3;https://birmarket.az/product/1459524
689125;132,92;https://birmarket.az/product/689125
1512141;129,35;https://birmarket.az/product/1512141
1516185;99;https://birmarket.az/product/1516185
1516139;40;https://birmarket.az/product/1516139
844339;3;https://birmarket.az/product/844339
451549;140;https://birmarket.az/product/451549
1271039;231;https://birmarket.az/product/1271039
1392346;46,77;https://birmarket.az/product/1392346
1385429;149,97;https://birmarket.az/product/1385429
339767;25,01;https://birmarket.az/product/339767
1487763;49,5;https://birmarket.az/product/1487763
;;
588623;689,41;https://birmarket.az/product/588623
450181;212,12;https://birmarket.az/product/450181
883620;84,54;https://birmarket.az/product/883620
193555;250;https://birmarket.az/product/193555
301005;150,47;https://birmarket.az/product/301005
453381;157,74;https://birmarket.az/product/453381
214030;58,94;https://birmarket.az/product/214030
413287;185;https://birmarket.az/product/413287
777749;19,78;https://birmarket.az/product/777749
1222081;440,91;https://birmarket.az/product/1222081
1043907;400;https://birmarket.az/product/1043907
429038;251,8;https://birmarket.az/product/429038
742470;192,84;https://birmarket.az/product/742470
292712;43,49;https://birmarket.az/product/292712
1273185;77,78;https://birmarket.az/product/1273185
1324782;98,99;https://birmarket.az/product/1324782
1451185;35,1;https://birmarket.az/product/1451185
1455757;44;https://birmarket.az/product/1455757
1364527;79,84;https://birmarket.az/product/1364527
587411;433,5;https://birmarket.az/product/587411
301581;302,79;https://birmarket.az/product/301581
;;
1033173;36;https://birmarket.az/product/1033173
231836;170;https://birmarket.az/product/231836
;;
891890;1089,01;https://birmarket.az/product/891890
295064;193,1;https://birmarket.az/product/295064
438201;72;https://birmarket.az/product/438201
;;
500644;58;https://birmarket.az/product/500644
801413;21,05;https://birmarket.az/product/801413
500639;52,52;https://birmarket.az/product/500639
692190;71,89;https://birmarket.az/product/692190
193554;169;https://birmarket.az/product/193554
654468;199;https://birmarket.az/product/654468
238847;126,5;https://birmarket.az/product/238847
1135624;3292,67;https://birmarket.az/product/1135624
1270770;643,22;https://birmarket.az/product/1270770
1290293;49,98;https://birmarket.az/product/1290293
;;
1403401;80;https://birmarket.az/product/1403401
230866;55,64;https://birmarket.az/product/230866
300801;191,27;https://birmarket.az/product/300801
732291;135;https://birmarket.az/product/732291
1252558;21,4;https://birmarket.az/product/1252558
822904;22,48;https://birmarket.az/product/822904
437240;65;https://birmarket.az/product/437240
519442;39,58;https://birmarket.az/product/519442
584068;167,95;https://birmarket.az/product/584068
1273189;83,69;https://birmarket.az/product/1273189
1224842;3042,65;https://birmarket.az/product/1224842
974529;98,99;https://birmarket.az/product/974529
247805;200;https://birmarket.az/product/247805
442508;104,9;https://birmarket.az/product/442508
571951;34,2;https://birmarket.az/product/571951
1007044;72,89;https://birmarket.az/product/1007044
519446;42,29;https://birmarket.az/product/519446
254448;56,7;https://birmarket.az/product/254448
978011;103,49;https://birmarket.az/product/978011
938978;17,09;https://birmarket.az/product/938978
;;
;;
369997;79,97;https://birmarket.az/product/369997
1070902;34,16;https://birmarket.az/product/1070902
196405;49,48;https://birmarket.az/product/196405
297925;40;https://birmarket.az/product/297925
425712;95;https://birmarket.az/product/425712
438415;76,47;https://birmarket.az/product/438415
1204231;38,16;https://birmarket.az/product/1204231
519459;67,5;https://birmarket.az/product/519459
587413;282,47;https://birmarket.az/product/587413
451548;300;https://birmarket.az/product/451548
584744;1439,69;https://birmarket.az/product/584744
1399931;69;https://birmarket.az/product/1399931
584067;167,64;https://birmarket.az/product/584067
231108;239,2;https://birmarket.az/product/231108
396859;74,73;https://birmarket.az/product/396859
;;
1404404;65;https://birmarket.az/product/1404404
517359;122,98;https://birmarket.az/product/517359
397359;249;https://birmarket.az/product/397359
587412;353,25;https://birmarket.az/product/587412
301573;444,31;https://birmarket.az/product/301573
500631;61,79;https://birmarket.az/product/500631
634822;96,99;https://birmarket.az/product/634822
871036;279;https://birmarket.az/product/871036
;;
587414;271,25;https://birmarket.az/product/587414
1376946;44,98;https://birmarket.az/product/1376946
;;
1473238;25;https://birmarket.az/product/1473238
831976;224,63;https://birmarket.az/product/831976
1236578;229,4;https://birmarket.az/product/1236578
1435203;36,96;https://birmarket.az/product/1435203
1455677;34,99;https://birmarket.az/product/1455677
;;
;;
892088;139,2;https://birmarket.az/product/892088
238654;119;https://birmarket.az/product/238654
1483875;179,97;https://birmarket.az/product/1483875
1482489;33;https://birmarket.az/product/1482489
1127227;35,98;https://birmarket.az/product/1127227
475661;24,29;https://birmarket.az/product/475661
;;
197027;98,24;https://birmarket.az/product/197027
197036;99;https://birmarket.az/product/197036
193559;169,42;https://birmarket.az/product/193559
1324784;97,98;https://birmarket.az/product/1324784
654469;199;https://birmarket.az/product/654469
193560;207,91;https://birmarket.az/product/193560
937369;109;https://birmarket.az/product/937369
1517034;62,99;https://birmarket.az/product/1517034
1232314;39,88;https://birmarket.az/product/1232314
512761;29,5;https://birmarket.az/product/512761
907034;100;https://birmarket.az/product/907034
;;
741607;25,18;https://birmarket.az/product/741607
500616;235;https://birmarket.az/product/500616
571981;559;https://birmarket.az/product/571981
343658;70,18;https://birmarket.az/product/343658
292695;135;https://birmarket.az/product/292695
;;
1026851;25,95;https://birmarket.az/product/1026851
;;
1201205;89,68;https://birmarket.az/product/1201205
1146013;125,88;https://birmarket.az/product/1146013
443292;7,68;https://birmarket.az/product/443292
;;
451490;169;https://birmarket.az/product/451490
94648;31,94;https://birmarket.az/product/94648
776185;19,87;https://birmarket.az/product/776185
33827;101,61;https://birmarket.az/product/33827
895668;46,88;https://birmarket.az/product/895668
572837;70;https://birmarket.az/product/572837
938011;263,2;https://birmarket.az/product/938011
571982;449;https://birmarket.az/product/571982
193504;169;https://birmarket.az/product/193504
696900;286,82;https://birmarket.az/product/696900
480584;55;https://birmarket.az/product/480584
;;
1069542;67,58;https://birmarket.az/product/1069542
306362;200;https://birmarket.az/product/306362
;;
480588;55;https://birmarket.az/product/480588
230876;140;https://birmarket.az/product/230876
;;
752062;35,67;https://birmarket.az/product/752062
693580;199;https://birmarket.az/product/693580
251386;57,72;https://birmarket.az/product/251386
812162;92,47;https://birmarket.az/product/812162
341452;36,68;https://birmarket.az/product/341452
381078;53,69;https://birmarket.az/product/381078
760253;169;https://birmarket.az/product/760253
258774;45,75;https://birmarket.az/product/258774
751606;258,29;https://birmarket.az/product/751606
519443;43;https://birmarket.az/product/519443
584074;19,32;https://birmarket.az/product/584074
34638;283,9;https://birmarket.az/product/34638
451547;599;https://birmarket.az/product/451547
194307;199;https://birmarket.az/product/194307
873610;26,95;https://birmarket.az/product/873610
953191;24,29;https://birmarket.az/product/953191
1160778;50;https://birmarket.az/product/1160778
230960;313,01;https://birmarket.az/product/230960
193562;174,63;https://birmarket.az/product/193562
191313;180,23;https://birmarket.az/product/191313
1154143;10,98;https://birmarket.az/product/1154143
;;
978012;130,5;https://birmarket.az/product/978012
;;
194311;180;https://birmarket.az/product/194311
858420;25,68;https://birmarket.az/product/858420
230905;107,72;https://birmarket.az/product/230905
966520;70;https://birmarket.az/product/966520
557831;232,49;https://birmarket.az/product/557831
245365;65;https://birmarket.az/product/245365
965256;15,99;https://birmarket.az/product/965256
519444;45,56;https://birmarket.az/product/519444
336533;13,27;https://birmarket.az/product/336533
;;
193505;85;https://birmarket.az/product/193505
300835;459;https://birmarket.az/product/300835
480590;29,48;https://birmarket.az/product/480590
292700;65;https://birmarket.az/product/292700
;;
474748;25;https://birmarket.az/product/474748
374573;341,07;https://birmarket.az/product/374573
861501;26,53;https://birmarket.az/product/861501
370146;199;https://birmarket.az/product/370146
382645;20,15;https://birmarket.az/product/382645
111470;650;https://birmarket.az/product/111470
;;
1069753;75,33;https://birmarket.az/product/1069753
1193191;13;https://birmarket.az/product/1193191
913289;780;https://birmarket.az/product/913289
500637;25,19;https://birmarket.az/product/500637
195930;199;https://birmarket.az/product/195930
438435;123,37;https://birmarket.az/product/438435
423976;129;https://birmarket.az/product/423976
1204221;23,2;https://birmarket.az/product/1204221
397332;299;https://birmarket.az/product/397332
1026955;56,9;https://birmarket.az/product/1026955
954511;139;https://birmarket.az/product/954511
1204201;32,99;https://birmarket.az/product/1204201
;;
346368;205;https://birmarket.az/product/346368
;;
237977;78,61;https://birmarket.az/product/237977
442507;134,98;https://birmarket.az/product/442507
442513;52,18;https://birmarket.az/product/442513
715627;25;https://birmarket.az/product/715627
;;
301003;199;https://birmarket.az/product/301003
96369;35,97;https://birmarket.az/product/96369
1222080;591,41;https://birmarket.az/product/1222080
230887;62,67;https://birmarket.az/product/230887
882548;30,26;https://birmarket.az/product/882548
910038;28;https://birmarket.az/product/910038
760388;27,77;https://birmarket.az/product/760388
196999;88,98;https://birmarket.az/product/196999
673777;142,18;https://birmarket.az/product/673777
587408;285,89;https://birmarket.az/product/587408
641915;13,49;https://birmarket.az/product/641915
;;
518743;85;https://birmarket.az/product/518743
487691;26,08;https://birmarket.az/product/487691
450482;69,85;https://birmarket.az/product/450482
302611;2749,99;https://birmarket.az/product/302611
584065;206,07;https://birmarket.az/product/584065
294484;100;https://birmarket.az/product/294484
1152862;55;https://birmarket.az/product/1152862
239546;152,02;https://birmarket.az/product/239546
247866;226,56;https://birmarket.az/product/247866
1210834;80;https://birmarket.az/product/1210834
723534;241,5;https://birmarket.az/product/723534
612733;199;https://birmarket.az/product/612733
1473299;29,78;https://birmarket.az/product/1473299
1473104;40;https://birmarket.az/product/1473104
1082089;61,18;https://birmarket.az/product/1082089
1408757;88;https://birmarket.az/product/1408757
1444470;30,57;https://birmarket.az/product/1444470
424182;103,2;https://birmarket.az/product/424182
995670;51,99;https://birmarket.az/product/995670
809172;14;https://birmarket.az/product/809172
1414533;218;https://birmarket.az/product/1414533
1160868;29,98;https://birmarket.az/product/1160868
1473279;50;https://birmarket.az/product/1473279
451554;169;https://birmarket.az/product/451554
;;
1473294;85,49;https://birmarket.az/product/1473294
1160176;39,64;https://birmarket.az/product/1160176
670377;449;https://birmarket.az/product/670377
1089833;69,9;https://birmarket.az/product/1089833
614198;99;https://birmarket.az/product/614198
1408940;68,59;https://birmarket.az/product/1408940
1408928;85;https://birmarket.az/product/1408928
;;
738386;43,55;https://birmarket.az/product/738386
774862;75;https://birmarket.az/product/774862
1152885;45;https://birmarket.az/product/1152885
300966;81,61;https://birmarket.az/product/300966
651761;33,14;https://birmarket.az/product/651761
1033154;35,06;https://birmarket.az/product/1033154
892625;300;https://birmarket.az/product/892625
300805;275,36;https://birmarket.az/product/300805
1222086;693,06;https://birmarket.az/product/1222086
884104;22,5;https://birmarket.az/product/884104
330073;111;https://birmarket.az/product/330073
202150;26,14;https://birmarket.az/product/202150
1154027;10,48;https://birmarket.az/product/1154027
363759;18,9;https://birmarket.az/product/363759
1035233;36,72;https://birmarket.az/product/1035233
878473;250;https://birmarket.az/product/878473
667236;69,89;https://birmarket.az/product/667236
520209;119,88;https://birmarket.az/product/520209
230842;120;https://birmarket.az/product/230842
1217919;41,98;https://birmarket.az/product/1217919
;;
1160769;45;https://birmarket.az/product/1160769
;;
874131;568,61;https://birmarket.az/product/874131
1222077;562,39;https://birmarket.az/product/1222077
1163184;59,98;https://birmarket.az/product/1163184
500636;44,98;https://birmarket.az/product/500636
299152;155;https://birmarket.az/product/299152
670007;222,88;https://birmarket.az/product/670007
1269273;39,99;https://birmarket.az/product/1269273
571834;179,99;https://birmarket.az/product/571834
687224;99;https://birmarket.az/product/687224
1273190;90,25;https://birmarket.az/product/1273190
1488871;8,97;https://birmarket.az/product/1488871
257458;200;https://birmarket.az/product/257458
1434552;17,99;https://birmarket.az/product/1434552
1204214;39,59;https://birmarket.az/product/1204214
1204204;40,49;https://birmarket.az/product/1204204
;;
1514216;13,98;https://birmarket.az/product/1514216
1516150;75;https://birmarket.az/product/1516150
1516145;59;https://birmarket.az/product/1516145
1494367;42,79;https://birmarket.az/product/1494367
1568309;54,82;https://birmarket.az/product/1568309
;;
332088;98,4;https://birmarket.az/product/332088
;;
1266758;108;https://birmarket.az/product/1266758
1266757;139,98;https://birmarket.az/product/1266757
937621;85,76;https://birmarket.az/product/937621
935874;40,06;https://birmarket.az/product/935874
572848;169;https://birmarket.az/product/572848
1022364;239;https://birmarket.az/product/1022364
311879;135,52;https://birmarket.az/product/311879
1204172;25,75;https://birmarket.az/product/1204172
1163537;3998,99;https://birmarket.az/product/1163537
;;
1424033;64,98;https://birmarket.az/product/1424033
396875;99;https://birmarket.az/product/396875
;;
100830;28;https://birmarket.az/product/100830
301038;102,6;https://birmarket.az/product/301038
;;
;;
238844;144,87;https://birmarket.az/product/238844
1487722;49,99;https://birmarket.az/product/1487722
1204223;55;https://birmarket.az/product/1204223
1306100;20,88;https://birmarket.az/product/1306100
1007045;50;https://birmarket.az/product/1007045
587409;188,55;https://birmarket.az/product/587409
1129749;157,78;https://birmarket.az/product/1129749
;;
300970;93,49;https://birmarket.az/product/300970
1026897;39,57;https://birmarket.az/product/1026897
450530;145;https://birmarket.az/product/450530
1399950;55;https://birmarket.az/product/1399950
974528;93,5;https://birmarket.az/product/974528
474752;34;https://birmarket.az/product/474752
237950;53,1;https://birmarket.az/product/237950
1399963;67,5;https://birmarket.az/product/1399963
261709;145,05;https://birmarket.az/product/261709
100194;39,99;https://birmarket.az/product/100194
5159;141,9;https://birmarket.az/product/5159
519441;70;https://birmarket.az/product/519441
;;
26847;207,14;https://birmarket.az/product/26847
;;
972753;78,63;https://birmarket.az/product/972753
1007046;60;https://birmarket.az/product/1007046
485025;227;https://birmarket.az/product/485025
246836;75,36;https://birmarket.az/product/246836
209127;199,2;https://birmarket.az/product/209127
308457;2539,99;https://birmarket.az/product/308457
258763;48,44;https://birmarket.az/product/258763
1204187;45;https://birmarket.az/product/1204187
723512;207;https://birmarket.az/product/723512
196435;173;https://birmarket.az/product/196435
262430;84;https://birmarket.az/product/262430
100719;28;https://birmarket.az/product/100719
230969;145,38;https://birmarket.az/product/230969
397336;500;https://birmarket.az/product/397336
122951;39,1;https://birmarket.az/product/122951
;;
531567;83,5;https://birmarket.az/product/531567
295089;531,45;https://birmarket.az/product/295089
292714;167,69;https://birmarket.az/product/292714
571983;837,39;https://birmarket.az/product/571983
860553;31,2;https://birmarket.az/product/860553
123881;20,7;https://birmarket.az/product/123881
830295;137,03;https://birmarket.az/product/830295
294599;55,96;https://birmarket.az/product/294599
723523;58,07;https://birmarket.az/product/723523
292703;128,02;https://birmarket.az/product/292703
517365;120,18;https://birmarket.az/product/517365
1204326;97,75;https://birmarket.az/product/1204326
738570;23,13;https://birmarket.az/product/738570
295071;179;https://birmarket.az/product/295071
649795;40,25;https://birmarket.az/product/649795
260762;212,5;https://birmarket.az/product/260762
891503;155;https://birmarket.az/product/891503
337051;61,38;https://birmarket.az/product/337051
198890;153,18;https://birmarket.az/product/198890
;;
1269797;132,02;https://birmarket.az/product/1269797
779779;44,56;https://birmarket.az/product/779779
1160791;55;https://birmarket.az/product/1160791
;;
519454;55;https://birmarket.az/product/519454
901849;155;https://birmarket.az/product/901849
224966;20,89;https://birmarket.az/product/224966
1304278;54,95;https://birmarket.az/product/1304278
480583;55;https://birmarket.az/product/480583
1219616;44,98;https://birmarket.az/product/1219616
397337;349;https://birmarket.az/product/397337
1204327;121,39;https://birmarket.az/product/1204327
1197810;31,48;https://birmarket.az/product/1197810
;;
1236573;306,8;https://birmarket.az/product/1236573
1091696;180;https://birmarket.az/product/1091696
;;
230868;89;https://birmarket.az/product/230868
230945;38,98;https://birmarket.az/product/230945
226533;170;https://birmarket.az/product/226533
688375;34,12;https://birmarket.az/product/688375
387152;127,44;https://birmarket.az/product/387152
346550;309,46;https://birmarket.az/product/346550
1204154;20,33;https://birmarket.az/product/1204154
316261;129;https://birmarket.az/product/316261
;;
239555;143,08;https://birmarket.az/product/239555
94591;30;https://birmarket.az/product/94591
466911;30,02;https://birmarket.az/product/466911
498360;28,6;https://birmarket.az/product/498360
;;
195880;70;https://birmarket.az/product/195880
300837;280,78;https://birmarket.az/product/300837
300982;99,22;https://birmarket.az/product/300982
;;
196424;171,19;https://birmarket.az/product/196424
;;
462441;220;https://birmarket.az/product/462441
428511;248,15;https://birmarket.az/product/428511
963433;17,06;https://birmarket.az/product/963433
231843;250;https://birmarket.az/product/231843
195871;67;https://birmarket.az/product/195871
728721;194,35;https://birmarket.az/product/728721
935977;525,75;https://birmarket.az/product/935977
1204206;24,84;https://birmarket.az/product/1204206
490178;39,15;https://birmarket.az/product/490178
752716;282,2;https://birmarket.az/product/752716
301020;130;https://birmarket.az/product/301020
285467;95,29;https://birmarket.az/product/285467
193556;199;https://birmarket.az/product/193556
871774;29;https://birmarket.az/product/871774
1204177;28,7;https://birmarket.az/product/1204177
716302;945,79;https://birmarket.az/product/716302
587406;225,73;https://birmarket.az/product/587406
230922;100;https://birmarket.az/product/230922
292705;99;https://birmarket.az/product/292705
519456;20,69;https://birmarket.az/product/519456
41089;38,69;https://birmarket.az/product/41089
1204191;28,68;https://birmarket.az/product/1204191
;;
;;
301002;181,43;https://birmarket.az/product/301002
437215;70,18;https://birmarket.az/product/437215
893006;199;https://birmarket.az/product/893006
587405;78,99;https://birmarket.az/product/587405
34639;120;https://birmarket.az/product/34639
1007040;124,78;https://birmarket.az/product/1007040
296930;580;https://birmarket.az/product/296930
247822;250;https://birmarket.az/product/247822
;;
;;
238848;87,24;https://birmarket.az/product/238848
886984;34,99;https://birmarket.az/product/886984
518927;515;https://birmarket.az/product/518927
1204217;27,68;https://birmarket.az/product/1204217
374606;117,68;https://birmarket.az/product/374606
1204225;32,18;https://birmarket.az/product/1204225
197004;170,74;https://birmarket.az/product/197004
1163526;599,99;https://birmarket.az/product/1163526
214038;55,83;https://birmarket.az/product/214038
247817;73,44;https://birmarket.az/product/247817
193506;119;https://birmarket.az/product/193506
1070624;22,49;https://birmarket.az/product/1070624
224978;19,78;https://birmarket.az/product/224978
596994;145,35;https://birmarket.az/product/596994
1487784;49,49;https://birmarket.az/product/1487784
1166715;86,4;https://birmarket.az/product/1166715
1159705;168,9;https://birmarket.az/product/1159705
1495257;59,98;https://birmarket.az/product/1495257
;;
388748;24,48;https://birmarket.az/product/388748
;;
1470692;100;https://birmarket.az/product/1470692
;;
1217924;43,95;https://birmarket.az/product/1217924
432650;28;https://birmarket.az/product/432650
658181;66,33;https://birmarket.az/product/658181
519451;57,44;https://birmarket.az/product/519451
396877;89;https://birmarket.az/product/396877
627745;42,98;https://birmarket.az/product/627745
1222088;694,38;https://birmarket.az/product/1222088
881840;3300,12;https://birmarket.az/product/881840
519452;55;https://birmarket.az/product/519452
1152863;67,49;https://birmarket.az/product/1152863
667811;72,21;https://birmarket.az/product/667811
193440;55;https://birmarket.az/product/193440
451484;180;https://birmarket.az/product/451484
757806;43,35;https://birmarket.az/product/757806
1423528;159,99;https://birmarket.az/product/1423528
935978;428,09;https://birmarket.az/product/935978
889758;104,39;https://birmarket.az/product/889758
225152;66;https://birmarket.az/product/225152
230930;67,56;https://birmarket.az/product/230930
1204182;33,01;https://birmarket.az/product/1204182
299186;99,52;https://birmarket.az/product/299186
330335;8,91;https://birmarket.az/product/330335
;;
820667;819,28;https://birmarket.az/product/820667
687288;19,98;https://birmarket.az/product/687288
892080;159;https://birmarket.az/product/892080
770919;76,5;https://birmarket.az/product/770919
134255;300;https://birmarket.az/product/134255
230888;56,12;https://birmarket.az/product/230888
603735;143,91;https://birmarket.az/product/603735
1122751;20,24;https://birmarket.az/product/1122751
209130;225,66;https://birmarket.az/product/209130
388435;27,67;https://birmarket.az/product/388435
1163535;4199,99;https://birmarket.az/product/1163535
1503704;293,17;https://birmarket.az/product/1503704
;;
1310877;59;https://birmarket.az/product/1310877
423577;95,37;https://birmarket.az/product/423577
1204219;32,2;https://birmarket.az/product/1204219
292707;47,97;https://birmarket.az/product/292707
401148;1088;https://birmarket.az/product/401148
962291;150;https://birmarket.az/product/962291
251208;71,98;https://birmarket.az/product/251208
1163461;45;https://birmarket.az/product/1163461
519458;31,86;https://birmarket.az/product/519458
230939;149,6;https://birmarket.az/product/230939
687445;159,28;https://birmarket.az/product/687445
1204230;33,87;https://birmarket.az/product/1204230
963926;30;https://birmarket.az/product/963926
575132;15;https://birmarket.az/product/575132
1204227;24,66;https://birmarket.az/product/1204227
584066;244,43;https://birmarket.az/product/584066
292706;104,1;https://birmarket.az/product/292706
937334;24,99;https://birmarket.az/product/937334
1086878;52,99;https://birmarket.az/product/1086878
963927;19,87;https://birmarket.az/product/963927
1222075;460,65;https://birmarket.az/product/1222075
100827;45;https://birmarket.az/product/100827
46487;36;https://birmarket.az/product/46487
442504;173,64;https://birmarket.az/product/442504
1301203;178,38;https://birmarket.az/product/1301203
890925;79,1;https://birmarket.az/product/890925
339770;70;https://birmarket.az/product/339770
1318673;71,1;https://birmarket.az/product/1318673
475156;180,38;https://birmarket.az/product/475156
;;
1392411;52,2;https://birmarket.az/product/1392411
961353;47,58;https://birmarket.az/product/961353
436751;130;https://birmarket.az/product/436751
518202;37,28;https://birmarket.az/product/518202
450518;115,89;https://birmarket.az/product/450518
;;
1431218;80,99;https://birmarket.az/product/1431218
374607;189,88;https://birmarket.az/product/374607
1043902;299;https://birmarket.az/product/1043902
397345;148,8;https://birmarket.az/product/397345
438410;115,9;https://birmarket.az/product/438410
450537;40,9;https://birmarket.az/product/450537
1204211;29,34;https://birmarket.az/product/1204211
;;
435527;204;https://birmarket.az/product/435527
196430;133;https://birmarket.az/product/196430
196411;60;https://birmarket.az/product/196411
;;
450529;109,54;https://birmarket.az/product/450529
357414;200;https://birmarket.az/product/357414
214037;185,77;https://birmarket.az/product/214037
;;
;;
229712;158,41;https://birmarket.az/product/229712
33091;70,51;https://birmarket.az/product/33091
1007042;90,3;https://birmarket.az/product/1007042
240490;170;https://birmarket.az/product/240490
1204324;82,27;https://birmarket.az/product/1204324
20091;110;https://birmarket.az/product/20091
299150;381,79;https://birmarket.az/product/299150
346599;210,58;https://birmarket.az/product/346599
1033059;36,54;https://birmarket.az/product/1033059
1160782;55;https://birmarket.az/product/1160782
230852;110,89;https://birmarket.az/product/230852
251422;967,9;https://birmarket.az/product/251422
500638;45,55;https://birmarket.az/product/500638
304010;139;https://birmarket.az/product/304010
301039;53,29;https://birmarket.az/product/301039
891891;1388,83;https://birmarket.az/product/891891
247871;100,38;https://birmarket.az/product/247871
231109;198,4;https://birmarket.az/product/231109
238658;135,77;https://birmarket.az/product/238658
294603;152,09;https://birmarket.az/product/294603
461753;60,83;https://birmarket.az/product/461753
1204164;28,39;https://birmarket.az/product/1204164
430118;241,48;https://birmarket.az/product/430118
935975;569,28;https://birmarket.az/product/935975
194326;155;https://birmarket.az/product/194326
451550;149;https://birmarket.az/product/451550
758074;19,8;https://birmarket.az/product/758074
222552;106,39;https://birmarket.az/product/222552
;;
639984;124,25;https://birmarket.az/product/639984
872219;132,15;https://birmarket.az/product/872219
938819;88,75;https://birmarket.az/product/938819
667838;585,77;https://birmarket.az/product/667838
294854;200;https://birmarket.az/product/294854
442505;106,7;https://birmarket.az/product/442505
519453;48;https://birmarket.az/product/519453
450483;135,36;https://birmarket.az/product/450483
434917;210,4;https://birmarket.az/product/434917
304931;191,79;https://birmarket.az/product/304931
913290;259,21;https://birmarket.az/product/913290
1431222;72;https://birmarket.az/product/1431222
1163179;41,85;https://birmarket.az/product/1163179
729841;110,14;https://birmarket.az/product/729841
900760;139;https://birmarket.az/product/900760
1230686;38,9;https://birmarket.az/product/1230686
;;
667756;229;https://birmarket.az/product/667756
1204161;41,39;https://birmarket.az/product/1204161
;;
442506;104,9;https://birmarket.az/product/442506
292701;60;https://birmarket.az/product/292701
587410;283,48;https://birmarket.az/product/587410
519457;31,48;https://birmarket.az/product/519457
;;
;;
;;
;;
;;
;;
;;
;;
;;
;;
193445;63,64;https://birmarket.az/product/193445
;;
;;
;;
438440;249;https://birmarket.az/product/438440
;;
;;
;;
;;
254001;249;https://birmarket.az/product/254001
;;
;;
;;
;;
;;
230926;149;https://birmarket.az/product/230926
;;
517532;199;https://birmarket.az/product/517532
;;
;;
;;
;;
;;
;;
;;
307315;26,22;https://birmarket.az/product/307315
451478;190;https://birmarket.az/product/451478
;;
;;
;;
;;
;;
246830;195;https://birmarket.az/product/246830
;;
;;
;;
;;
;;
525201;149;https://birmarket.az/product/525201
;;
;;
;;
;;
;;
;;
;;
;;
;;
;;
;;
;;
;;
;;
;;
;;
;;
;;
;;
;;
;;
;;
;;
;;
;;
;;
;;
;;
;;
;;
;;
;;
;;
;;
;;
;;
;;
;;
;;
;;
;;
;;
;;
;;
443294;171,98;https://birmarket.az/product/443294
;;
230927;149;https://birmarket.az/product/230927
;;
;;
;;
;;
;;
;;
;;
;;
;;
;;
;;
238828;130;https://birmarket.az/product/238828
;;
;;
;;
;;
;;
;;
299199;499;https://birmarket.az/product/299199
;;
;;
;;
;;
;;
;;
;;
;;
;;
;;
;;
;;
;;
;;
;;
;;
;;
;;
;;
;;
;;
307035;145;https://birmarket.az/product/307035
;;
;;
;;
;;
;;
;;
937516;230;https://birmarket.az/product/937516
;;
337907;138,4;https://birmarket.az/product/337907
;;
;;
;;
;;
;;
;;
;;
;;
;;
;;
;;
;;
;;
;;
;;
;;
194677;170;https://birmarket.az/product/194677
;;
;;
;;
;;
;;
;;
;;
;;
;;
;;
;;
;;
;;
;;
;;
;;
;;
397347;211,83;https://birmarket.az/product/397347
;;
;;
;;
;;
;;
;;
;;
;;
;;
;;
;;
;;
;;
;;
;;
;;
;;
;;
;;
;;
;;
;;
;;
;;
118212;31,45;https://birmarket.az/product/118212
230920;69;https://birmarket.az/product/230920
;;
709667;249;https://birmarket.az/product/709667
;;
295087;287,2;https://birmarket.az/product/295087
;;
;;
;;
;;
;;
;;
;;
;;
;;
;;
;;
;;
;;
231105;299;https://birmarket.az/product/231105
195896;55;https://birmarket.az/product/195896
193515;119;https://birmarket.az/product/193515
;;
;;
;;
;;
;;
;;
;;
;;
;;
;;
;;
;;
1112817;29;https://birmarket.az/product/1112817
;;
;;
;;
;;
;;
;;
;;
;;
774892;89,88;https://birmarket.az/product/774892
;;
;;
;;
;;
;;
;;
;;
;;
;;
874150;167,12;https://birmarket.az/product/874150
413150;53,97;https://birmarket.az/product/413150
;;
;;
;;
695058;250;https://birmarket.az/product/695058
;;
;;
;;
451489;200;https://birmarket.az/product/451489
;;
;;
;;
;;
;;
;;
;;
;;
;;
299138;399;https://birmarket.az/product/299138
;;
411773;308;https://birmarket.az/product/411773
;;
;;
;;
;;
;;
;;
;;
;;
;;
;;
;;
;;
;;
;;
;;
;;
;;
;;
;;
;;
;;
;;
118110;85,06;https://birmarket.az/product/118110
;;
;;
;;
;;
;;
;;
;;
;;
;;
;;
;;
;;
;;
;;
;;
;;
;;
;;
;;
;;
;;
;;
;;
;;
;;
517369;119;https://birmarket.az/product/517369
;;
;;
;;
;;
667765;229;https://birmarket.az/product/667765
;;
;;
;;
938012;179;https://birmarket.az/product/938012
;;
;;
;;
;;
;;
;;
;;
;;
;;
;;
;;
;;
;;
;;
;;
805588;17,97;https://birmarket.az/product/805588
;;
;;
;;
;;
;;
;;
;;
;;
;;
;;
;;
;;
;;
;;
;;
;;
;;
;;
;;
228024;29,99;https://birmarket.az/product/228024
;;
;;
;;
;;
;;
;;
239557;455,35;https://birmarket.az/product/239557
;;
;;
;;
;;
;;
;;
;;
;;
;;
;;
;;
466064;33,68;https://birmarket.az/product/466064
;;
;;
586139;35,48;https://birmarket.az/product/586139
;;
;;
;;
;;
;;
;;
;;
557838;190;https://birmarket.az/product/557838
;;
;;
;;
;;
;;
;;
;;
;;
;;
;;
;;
;;
;;
;;
;;
;;
;;
;;
;;
;;
;;
;;
;;
;;
;;
206895;25,68;https://birmarket.az/product/206895
;;
;;
;;
;;
;;
;;
436750;299;https://birmarket.az/product/436750
;;
;;
;;
557830;199;https://birmarket.az/product/557830
;;
;;
;;
;;
;;
231111;235;https://birmarket.az/product/231111
;;
;;
;;
;;
;;
;;
;;
;;
;;
;;
;;
;;
;;
;;
306408;189;https://birmarket.az/product/306408
;;
;;
;;
;;
;;
874147;149;https://birmarket.az/product/874147
;;
;;
;;
;;
;;
437250;125;https://birmarket.az/product/437250
;;
;;
;;
;;
;;
;;
;;
;;
;;
;;
;;
;;
;;
;;
;;
;;
;;
;;
397365;215,2;https://birmarket.az/product/397365
;;
;;
;;
;;
;;
;;
193507;190;https://birmarket.az/product/193507
;;
;;
;;
52295;33,98;https://birmarket.az/product/52295
;;
;;
;;
;;
;;
;;
;;
;;
434921;274;https://birmarket.az/product/434921
196434;125,09;https://birmarket.az/product/196434
246810;95;https://birmarket.az/product/246810
230972;280;https://birmarket.az/product/230972
251424;80;https://birmarket.az/product/251424
;;
437239;55;https://birmarket.az/product/437239
795643;74,09;https://birmarket.az/product/795643
;;
315897;149;https://birmarket.az/product/315897
;;
;;
;;
;;
;;
;;
;;
;;
;;
;;
;;
;;
225144;75,71;https://birmarket.az/product/225144
;;
;;
;;
;;
251062;32,04;https://birmarket.az/product/251062
;;
;;
;;
;;
450169;249;https://birmarket.az/product/450169
;;
;;
;;
;;
;;
;;
900761;180;https://birmarket.az/product/900761
;;
;;
695016;229;https://birmarket.az/product/695016
;;
;;
;;
;;
;;
;;
;;
;;
;;
;;
;;
;;
;;
;;
;;
;;
;;
;;
;;
;;
;;
;;
222551;129;https://birmarket.az/product/222551
;;
;;
;;
;;
;;
;;
;;
;;
;;
;;
;;
;;
;;
;;
;;
;;
;;
;;
;;
;;
;;
;;
315895;249;https://birmarket.az/product/315895
;;
;;
;;
;;
;;
;;
;;
;;
;;
;;
;;
;;
;;
;;
;;
195894;199;https://birmarket.az/product/195894
;;
;;
;;
;;
;;
;;
239580;499;https://birmarket.az/product/239580
475665;53,86;https://birmarket.az/product/475665
339751;29;https://birmarket.az/product/339751
;;
;;
;;
;;
;;
;;
451479;77;https://birmarket.az/product/451479
;;
;;
;;
;;
;;
;;
;;
;;
;;
;;
;;
;;
237652;300;https://birmarket.az/product/237652
446403;71,48;https://birmarket.az/product/446403
;;
;;
;;
;;
;;
;;
;;
300986;194,94;https://birmarket.az/product/300986
;;
;;
;;
;;
;;
;;
;;
;;
444674;213;https://birmarket.az/product/444674
224951;146,22;https://birmarket.az/product/224951
;;
;;
;;
;;
;;
;;
;;
;;
;;
;;
;;
;;
;;
;;
;;
;;
;;
;;
;;
;;
;;
;;
;;
481771;160;https://birmarket.az/product/481771
;;
;;
;;
;;
;;
492461;45,98;https://birmarket.az/product/492461
;;
231840;149;https://birmarket.az/product/231840
;;
;;
;;
;;
;;
102940;25;https://birmarket.az/product/102940
;;
;;
;;
1208357;16;https://birmarket.az/product/1208357
;;
;;
;;
;;
;;
;;
;;
892098;449;https://birmarket.az/product/892098
;;
;;
659761;85;https://birmarket.az/product/659761
;;
;;
246811;99;https://birmarket.az/product/246811
;;
;;
1040119;24,46;https://birmarket.az/product/1040119
;;
937366;149;https://birmarket.az/product/937366
;;
;;
;;
;;
;;
292710;80;https://birmarket.az/product/292710
;;
;;
;;
;;
;;
;;
;;
;;
;;
;;
;;
;;
;;
;;
;;
;;
;;
;;
;;
;;
;;
;;
;;
;;
;;
;;
;;
;;
;;
;;
;;
;;
;;
;;
;;
;;
;;
;;
;;
;;
;;
;;
;;
;;
;;
;;
;;
;;
;;
;;
;;
;;
;;
823264;230;https://birmarket.az/product/823264
;;
;;
;;
;;
;;
;;
;;
;;
;;
;;
;;
373346;38;https://birmarket.az/product/373346
;;
;;
;;
237971;59,97;https://birmarket.az/product/237971
;;
1042414;32;https://birmarket.az/product/1042414
;;
;;
;;
;;
;;
;;
614197;69,02;https://birmarket.az/product/614197
;;
;;
772645;47,89;https://birmarket.az/product/772645
;;
;;
;;
;;
438434;65;https://birmarket.az/product/438434
;;
;;
;;
;;
;;
;;
;;
;;
;;
;;
;;
;;
;;
;;
;;
;;
;;
;;
438527;107,99;https://birmarket.az/product/438527
;;
;;
240497;149;https://birmarket.az/product/240497
;;
;;
;;
480593;35;https://birmarket.az/product/480593
;;
;;
;;
;;
;;
;;
252629;500;https://birmarket.az/product/252629
1282938;103,89;https://birmarket.az/product/1282938
;;
;;
;;
;;
;;
;;
;;
;;
;;
;;
;;
;;
;;
;;
;;
;;
121604;64,92;https://birmarket.az/product/121604
;;
;;
;;
;;
;;
;;
;;
;;
;;
;;
;;
;;
193509;119;https://birmarket.az/product/193509
;;
;;
;;
;;
;;
;;
;;
;;
;;
;;
;;
;;
;;
;;
;;
;;
;;
;;
;;
;;
;;
52296;71,39;https://birmarket.az/product/52296
;;
;;
;;
;;
;;
;;
;;
;;
;;
;;
;;
;;
194243;165;https://birmarket.az/product/194243
;;
;;
;;
;;
;;
;;
;;
;;
;;
;;
;;
;;
;;
;;
;;
;;
;;
;;
;;
;;
;;
;;
;;
;;
236249;79,05;https://birmarket.az/product/236249
;;
;;
;;
;;
;;
;;
;;
432885;199;https://birmarket.az/product/432885
;;
;;
;;
;;
19829;68,15;https://birmarket.az/product/19829
;;
490179;41,1;https://birmarket.az/product/490179
225145;19,19;https://birmarket.az/product/225145
;;
;;
512473;37,98;https://birmarket.az/product/512473
;;
;;
;;
;;
;;
;;
;;
;;
;;
;;
;;
;;
;;
;;
;;
;;
;;
;;
;;
;;
;;
;;
;;
;;
;;
;;
;;
;;
;;
;;
;;
;;
;;
;;
;;
;;
;;
;;
;;
;;
;;
;;
;;
1094178;34,62;https://birmarket.az/product/1094178
299197;149;https://birmarket.az/product/299197
;;
;;
;;
;;
;;
;;
;;
;;
;;
;;
;;
;;
;;
;;
;;
339752;29,9;https://birmarket.az/product/339752
;;
;;
;;
;;
;;
;;
;;
;;
;;
;;
;;
;;
;;
;;
;;
;;
;;
393136;45;https://birmarket.az/product/393136
;;
;;
;;
304015;200;https://birmarket.az/product/304015
;;
;;
;;
301584;499;https://birmarket.az/product/301584
;;
;;
;;
634547;38,49;https://birmarket.az/product/634547
;;
;;
;;
;;
;;
;;
;;
251378;199;https://birmarket.az/product/251378
;;
;;
;;
;;
;;
;;
;;
;;
;;
;;
;;
;;
321399;48,33;https://birmarket.az/product/321399
;;
;;
;;
346374;199;https://birmarket.az/product/346374
;;
;;
294465;449;https://birmarket.az/product/294465
;;
;;
;;
;;
;;
;;
;;
;;
;;
;;
;;
;;
;;
;;
;;
;;
;;
;;
;;
;;
;;
;;
;;
;;
;;
366406;62,42;https://birmarket.az/product/366406
;;
;;
;;
;;
;;
;;
;;
;;
;;
;;
;;
;;
;;
;;
472037;93,1;https://birmarket.az/product/472037
;;
;;
;;
;;
;;
;;
;;
;;
298835;120;https://birmarket.az/product/298835
;;
;;
;;
;;
;;
;;
;;
;;
;;
;;
;;
;;
;;
;;
;;
;;
;;
;;
;;
;;
;;
;;
;;
;;
;;
;;
;;
;;
;;
;;
;;
;;
;;
;;
;;
;;
;;
;;
;;
;;
;;
;;
;;
;;
;;
;;
;;
230844;89;https://birmarket.az/product/230844
;;
;;
;;
;;
;;
;;
;;
;;
;;
299192;190;https://birmarket.az/product/299192
;;
;;
1099783;164,97;https://birmarket.az/product/1099783
;;
;;
;;
437231;199;https://birmarket.az/product/437231
;;
;;
;;
;;
;;
;;
;;
;;
;;
;;
;;
;;
;;
;;
;;
;;
;;
;;
;;
;;
660767;25;https://birmarket.az/product/660767
;;
;;
;;
;;
;;
252627;229;https://birmarket.az/product/252627
;;
;;
;;
;;
;;
;;
;;
;;
;;
;;
;;
;;
;;
;;
;;
;;
;;
;;
;;
;;
;;
;;
;;
;;
;;
;;
;;
;;
;;
;;
;;
;;
;;
;;
;;
;;
;;
52298;103,46;https://birmarket.az/product/52298
;;
;;
;;
;;
;;
;;
;;
;;
;;
;;
;;
;;
;;
;;
;;
;;
;;
;;
;;
;;
;;
;;
;;
;;
;;
;;
;;
;;
;;
;;
;;
;;
;;
;;
;;
193496;179;https://birmarket.az/product/193496
;;
;;
;;
;;
;;
;;
;;
;;
306361;149;https://birmarket.az/product/306361
;;
;;
;;
;;
;;
500640;31,97;https://birmarket.az/product/500640
;;
194714;130;https://birmarket.az/product/194714
;;
;;
;;
;;
;;
;;
;;
;;
;;
;;
;;
;;
;;
;;
;;
;;
;;
;;
;;
;;
;;
;;
;;
;;
;;
;;
;;
;;
;;
;;
;;
;;
;;
;;
;;
;;
;;
;;
;;
;;
;;
;;
;;
;;
;;
;;
;;
;;
;;
;;
;;
;;
;;
;;
;;
1063649;199;https://birmarket.az/product/1063649
;;
397355;249;https://birmarket.az/product/397355
609102;289;https://birmarket.az/product/609102
437217;200;https://birmarket.az/product/437217
;;
;;
;;
;;
;;
;;
;;
408572;17,06;https://birmarket.az/product/408572
;;
;;
;;
;;
;;
;;
;;
;;
;;
;;
;;
;;
;;
;;
;;
;;
667866;450;https://birmarket.az/product/667866
;;
;;
;;
;;
;;
304011;189;https://birmarket.az/product/304011
;;
;;
;;
;;
;;
;;
;;
;;
;;
;;
;;
;;
34640;50;https://birmarket.az/product/34640
;;
;;
;;
;;
;;
;;
;;
;;
;;
;;
;;
;;
;;
;;
;;
;;
;;
;;
;;
;;
;;
;;
;;
;;
;;
;;
;;
;;
;;
;;
;;
;;
;;
;;
451491;199;https://birmarket.az/product/451491
230455;35;https://birmarket.az/product/230455
;;
;;
;;
;;
;;
;;
;;
;;
;;
612734;160;https://birmarket.az/product/612734
251445;295,2;https://birmarket.az/product/251445
;;
;;
;;
;;
;;
;;
;;
;;
;;
;;
;;
;;
;;
;;
;;
;;
;;
;;
;;
;;
;;
;;
;;
209125;99;https://birmarket.az/product/209125
;;
;;
;;
;;
;;
;;
;;
;;
;;
;;
;;
;;
;;
;;
;;
;;
;;
;;
;;
;;
;;
;;
;;
;;
;;
;;
;;
;;
;;
;;
;;
;;
;;
;;
;;
;;
;;
;;
;;
;;
;;
;;
;;
;;
;;
;;
;;
;;
;;
;;
;;
;;
;;
;;
;;
;;
;;
;;
;;
;;
;;
;;
;;
;;
;;
;;
;;
;;
;;
;;
;;
;;
;;
;;
;;
;;
;;
;;
;;
;;
;;
;;
;;
;;
;;
;;
1003515;77,97;https://birmarket.az/product/1003515
;;
;;
;;
;;
;;
;;
;;
;;
;;
;;
;;
;;
;;
;;
;;
;;
;;
;;
;;
;;
;;
;;
;;
;;
;;
;;
;;
;;
;;
;;
;;
;;
;;
;;
292702;35;https://birmarket.az/product/292702
;;
;;
;;
370147;105;https://birmarket.az/product/370147
;;
;;
;;
;;
;;
;;
;;
451477;195;https://birmarket.az/product/451477
;;
;;
;;
;;
;;
;;
;;
251449;249;https://birmarket.az/product/251449
;;
;;
;;
;;
;;
;;
;;
;;
;;
;;
;;
306366;179;https://birmarket.az/product/306366
;;
;;
;;
251217;229;https://birmarket.az/product/251217
;;
;;
;;
;;
;;
;;
;;
;;
;;
;;
231107;249;https://birmarket.az/product/231107
;;
;;
;;
;;
;;
;;
;;
;;
;;
;;
;;
;;
;;
;;
292719;70;https://birmarket.az/product/292719
;;
261954;28;https://birmarket.az/product/261954
;;
230955;135;https://birmarket.az/product/230955
;;
;;
;;
;;
209126;199;https://birmarket.az/product/209126
;;
;;
;;
445381;88,89;https://birmarket.az/product/445381
;;
;;
;;
;;
;;
;;
;;
;;
500629;39,74;https://birmarket.az/product/500629
;;
;;
;;
;;
;;
;;
397363;749;https://birmarket.az/product/397363
;;
;;
;;
;;
;;
;;
;;
;;
;;
;;
;;
346593;99;https://birmarket.az/product/346593
;;
;;
;;
;;
;;
;;
;;
1102440;25;https://birmarket.az/product/1102440
;;
;;
;;
300804;399;https://birmarket.az/product/300804
;;
;;
;;
;;
;;
;;
;;
;;
;;
;;
;;
;;
;;
;;
;;
;;
;;
;;
;;
;;
;;
;;
;;
;;
;;
;;
;;
;;
;;
;;
;;
;;
;;
;;
;;
;;
;;
;;
;;
;;
;;
;;
;;
;;
;;
;;
;;
;;
;;
;;
;;
;;
;;
;;
;;
226178;59,98;https://birmarket.az/product/226178
;;
;;
;;
;;
;;
237955;155;https://birmarket.az/product/237955
;;
;;
;;
;;
;;
;;
;;
;;
;;
;;
;;
;;
;;
;;
;;
;;
;;
;;
;;
;;
;;
;;
;;
;;
;;
;;
;;
;;
;;
;;
;;
;;
746747;179;https://birmarket.az/product/746747
;;
;;
;;
;;
;;
;;
;;
;;
;;
;;
;;
;;
;;
;;
;;
;;
;;
;;
;;
;;
;;
;;
94596;24,48;https://birmarket.az/product/94596
;;
;;
;;
;;
;;
;;
;;
;;
;;
;;
251207;108,97;https://birmarket.az/product/251207
829192;399;https://birmarket.az/product/829192
668095;299;https://birmarket.az/product/668095
;;
;;
;;
;;
;;
301302;975,11;https://birmarket.az/product/301302
1235325;67,49;https://birmarket.az/product/1235325
1129764;148,34;https://birmarket.az/product/1129764
;;
;;
1122753;18,4;https://birmarket.az/product/1122753
1266377;19,98;https://birmarket.az/product/1266377
1606324;32,39;https://birmarket.az/product/1606324
432841;25;https://birmarket.az/product/432841
432839;28,9;https://birmarket.az/product/432839
387168;25;https://birmarket.az/product/387168
642912;65;https://birmarket.az/product/642912
908814;42;https://birmarket.az/product/908814
1143744;29,99;https://birmarket.az/product/1143744
989763;159,98;https://birmarket.az/product/989763
1091500;179,99;https://birmarket.az/product/1091500
900766;45;https://birmarket.az/product/900766
858307;22;https://birmarket.az/product/858307
1120186;25;https://birmarket.az/product/1120186
1120194;38,89;https://birmarket.az/product/1120194
1477981;40,88;https://birmarket.az/product/1477981
1606297;43,32;https://birmarket.az/product/1606297
1295572;17,96;https://birmarket.az/product/1295572
1653739;64,25;https://birmarket.az/product/1653739
1432726;12,3;https://birmarket.az/product/1432726
374459;31,95;https://birmarket.az/product/374459
684540;69,67;https://birmarket.az/product/684540
501919;50;https://birmarket.az/product/501919
59688;85;https://birmarket.az/product/59688
907218;144,52;https://birmarket.az/product/907218
1015419;55;https://birmarket.az/product/1015419
1278113;34,97;https://birmarket.az/product/1278113
1346164;39,86;https://birmarket.az/product/1346164
1422929;34,49;https://birmarket.az/product/1422929
1265581;44,9;https://birmarket.az/product/1265581
1619302;113,66;https://birmarket.az/product/1619302
1102155;24,98;https://birmarket.az/product/1102155
594823;37,99;https://birmarket.az/product/594823
1626849;19,98;https://birmarket.az/product/1626849
1311038;11;https://birmarket.az/product/1311038
1669664;17,82;https://birmarket.az/product/1669664
1546963;10,88;https://birmarket.az/product/1546963
627857;78;https://birmarket.az/product/627857
1452897;139,66;https://birmarket.az/product/1452897
1698668;119,99;https://birmarket.az/product/1698668
1346219;29,94;https://birmarket.az/product/1346219
1279893;50;https://birmarket.az/product/1279893
432853;80;https://birmarket.az/product/432853
1608709;41,74;https://birmarket.az/product/1608709
1223190;139,86;https://birmarket.az/product/1223190
1421644;39,95;https://birmarket.az/product/1421644
1623790;69,01;https://birmarket.az/product/1623790
1342117;200,99;https://birmarket.az/product/1342117
225139;65;https://birmarket.az/product/225139
715194;40;https://birmarket.az/product/715194
630225;16,97;https://birmarket.az/product/630225
655795;19,54;https://birmarket.az/product/655795
1707879;59,99;https://birmarket.az/product/1707879
956682;99,8;https://birmarket.az/product/956682
1451352;65;https://birmarket.az/product/1451352
1475642;16,64;https://birmarket.az/product/1475642
724548;15;https://birmarket.az/product/724548
225149;65;https://birmarket.az/product/225149
393137;19,91;https://birmarket.az/product/393137
1450072;14,88;https://birmarket.az/product/1450072
1359367;28,7;https://birmarket.az/product/1359367
822676;134,98;https://birmarket.az/product/822676
1270000;13,79;https://birmarket.az/product/1270000
1223198;184,49;https://birmarket.az/product/1223198
1356166;164,98;https://birmarket.az/product/1356166
1120318;21,59;https://birmarket.az/product/1120318
1681247;79;https://birmarket.az/product/1681247
1780538;72,5;https://birmarket.az/product/1780538
1520989;48,98;https://birmarket.az/product/1520989
1562716;18;https://birmarket.az/product/1562716
1122758;23,98;https://birmarket.az/product/1122758
1122757;26,98;https://birmarket.az/product/1122757
501306;65;https://birmarket.az/product/501306
1122756;23;https://birmarket.az/product/1122756
1371685;124,97;https://birmarket.az/product/1371685
432840;60;https://birmarket.az/product/432840
1122760;27,99;https://birmarket.az/product/1122760
388436;30;https://birmarket.az/product/388436
1627391;194,97;https://birmarket.az/product/1627391
1595190;55;https://birmarket.az/product/1595190
1260817;11,49;https://birmarket.az/product/1260817
1042432;24,9;https://birmarket.az/product/1042432
755052;38,98;https://birmarket.az/product/755052
1383889;13,98;https://birmarket.az/product/1383889
249506;20,58;https://birmarket.az/product/249506
1431513;89,97;https://birmarket.az/product/1431513
1768749;0,55;https://birmarket.az/product/1768749
1232706;0,86;https://birmarket.az/product/1232706
519217;27,98;https://birmarket.az/product/519217
989559;20,66;https://birmarket.az/product/989559
1549174;36,83;https://birmarket.az/product/1549174
228323;54,97;https://birmarket.az/product/228323
1783702;64;https://birmarket.az/product/1783702
1806133;5;https://birmarket.az/product/1806133
363772;170,14;https://birmarket.az/product/363772
1408004;13,97;https://birmarket.az/product/1408004
343421;50;https://birmarket.az/product/343421
385823;72;https://birmarket.az/product/385823
;;
221949;54,96;https://birmarket.az/product/221949
343413;33,96;https://birmarket.az/product/343413
385826;42,98;https://birmarket.az/product/385826
385814;41,98;https://birmarket.az/product/385814
984123;63,6;https://birmarket.az/product/984123
1042408;35,91;https://birmarket.az/product/1042408
1122754;18,9;https://birmarket.az/product/1122754
1806203;85;https://birmarket.az/product/1806203
725028;46,99;https://birmarket.az/product/725028
319988;177,29;https://birmarket.az/product/319988
1664264;399,96;https://birmarket.az/product/1664264
;;
1332783;43,89;https://birmarket.az/product/1332783
;;
489168;8,92;https://birmarket.az/product/489168
893370;58,62;https://birmarket.az/product/893370
1547325;22,47;https://birmarket.az/product/1547325
1371305;25,89;https://birmarket.az/product/1371305
893007;164,07;https://birmarket.az/product/893007
630232;9,12;https://birmarket.az/product/630232
1505573;23,3;https://birmarket.az/product/1505573
364240;28,79;https://birmarket.az/product/364240
1151115;20,97;https://birmarket.az/product/1151115
1632006;734,98;https://birmarket.az/product/1632006
1622206;218,22;https://birmarket.az/product/1622206
493911;158,99;https://birmarket.az/product/493911
;;
1505585;22,39;https://birmarket.az/product/1505585
1438647;80,39;https://birmarket.az/product/1438647
;;
1359349;23,39;https://birmarket.az/product/1359349
651771;148,49;https://birmarket.az/product/651771
1493528;26,96;https://birmarket.az/product/1493528
715186;17,8;https://birmarket.az/product/715186
989414;184,5;https://birmarket.az/product/989414
1608692;34,21;https://birmarket.az/product/1608692
1217179;35,99;https://birmarket.az/product/1217179
786988;33,34;https://birmarket.az/product/786988
1649595;26,22;https://birmarket.az/product/1649595
850924;31,42;https://birmarket.az/product/850924
1375043;233,22;https://birmarket.az/product/1375043
1608704;41,41;https://birmarket.az/product/1608704
731597;150;https://birmarket.az/product/731597
1438650;81,97;https://birmarket.az/product/1438650
627074;17,33;https://birmarket.az/product/627074
1246542;32,94;https://birmarket.az/product/1246542
440859;186,23;https://birmarket.az/product/440859
1627306;42,31;https://birmarket.az/product/1627306
411764;240,94;https://birmarket.az/product/411764
;;
900757;164,77;https://birmarket.az/product/900757
1567323;146,08;https://birmarket.az/product/1567323
900758;319,45;https://birmarket.az/product/900758
1414794;259,57;https://birmarket.az/product/1414794
870684;166,5;https://birmarket.az/product/870684
1396732;27,49;https://birmarket.az/product/1396732
1067189;44;https://birmarket.az/product/1067189
1320000;36,55;https://birmarket.az/product/1320000
302769;183,47;https://birmarket.az/product/302769
1356299;415,86;https://birmarket.az/product/1356299
1230584;146,76;https://birmarket.az/product/1230584
1505017;26,89;https://birmarket.az/product/1505017
;;
1427686;170,09;https://birmarket.az/product/1427686
871433;330;https://birmarket.az/product/871433
1223203;227,37;https://birmarket.az/product/1223203
1513655;179,97;https://birmarket.az/product/1513655
1032265;133,11;https://birmarket.az/product/1032265
651772;183;https://birmarket.az/product/651772
1662452;58,68;https://birmarket.az/product/1662452
594830;230;https://birmarket.az/product/594830
1129825;45,88;https://birmarket.az/product/1129825
772395;71,5;https://birmarket.az/product/772395
1702375;41,38;https://birmarket.az/product/1702375
1492667;99;https://birmarket.az/product/1492667
497205;62,68;https://birmarket.az/product/497205
1714972;67,47;https://birmarket.az/product/1714972
1023947;68,54;https://birmarket.az/product/1023947
298832;169,38;https://birmarket.az/product/298832
1249592;194,99;https://birmarket.az/product/1249592
608925;223,75;https://birmarket.az/product/608925
1645686;27,24;https://birmarket.az/product/1645686
1540611;11,45;https://birmarket.az/product/1540611
1283366;83,29;https://birmarket.az/product/1283366
1784393;48;https://birmarket.az/product/1784393
429636;69;https://birmarket.az/product/429636
989869;62,4;https://birmarket.az/product/989869
1793273;108,12;https://birmarket.az/product/1793273
;;
1518908;40,5;https://birmarket.az/product/1518908
1200325;40,44;https://birmarket.az/product/1200325
965480;87,95;https://birmarket.az/product/965480
914499;93,95;https://birmarket.az/product/914499
1400637;138,77;https://birmarket.az/product/1400637
1029667;116,42;https://birmarket.az/product/1029667
251221;394,84;https://birmarket.az/product/251221
666757;70,13;https://birmarket.az/product/666757
930085;18,98;https://birmarket.az/product/930085
1624422;12,65;https://birmarket.az/product/1624422
557133;38,41;https://birmarket.az/product/557133
246812;95;https://birmarket.az/product/246812
193495;169;https://birmarket.az/product/193495
715397;19,9;https://birmarket.az/product/715397
;;
;;
364239;43,9;https://birmarket.az/product/364239
;;
1429120;38,98;https://birmarket.az/product/1429120
336027;11,98;https://birmarket.az/product/336027
1783678;61,24;https://birmarket.az/product/1783678
219378;2,47;https://birmarket.az/product/219378
850941;15,98;https://birmarket.az/product/850941
1633351;29,98;https://birmarket.az/product/1633351
1308622;23,5;https://birmarket.az/product/1308622
1615648;154,94;https://birmarket.az/product/1615648
1812467;148;https://birmarket.az/product/1812467
1567111;176;https://birmarket.az/product/1567111
1615633;176;https://birmarket.az/product/1615633
1575061;17,51;https://birmarket.az/product/1575061
1742942;25,76;https://birmarket.az/product/1742942
1470672;16,52;https://birmarket.az/product/1470672
1542499;58,94;https://birmarket.az/product/1542499
488971;32,75;https://birmarket.az/product/488971
1744500;26;https://birmarket.az/product/1744500
1026444;11,41;https://birmarket.az/product/1026444
866253;27,98;https://birmarket.az/product/866253
940645;38,95;https://birmarket.az/product/940645
334079;11,65;https://birmarket.az/product/334079
1744477;17,45;https://birmarket.az/product/1744477
1778772;34,9;https://birmarket.az/product/1778772
1657897;155,43;https://birmarket.az/product/1657897
1992696;170;https://birmarket.az/product/1992696
1388036;49,24;https://birmarket.az/product/1388036
382198;46,1;https://birmarket.az/product/382198
1828882;467,88;https://birmarket.az/product/1828882
1672946;59,97;https://birmarket.az/product/1672946
438420;207,2;https://birmarket.az/product/438420
1811993;184,97;https://birmarket.az/product/1811993
1422890;49,84;https://birmarket.az/product/1422890
1663400;46,54;https://birmarket.az/product/1663400
1658649;9,31;https://birmarket.az/product/1658649
721198;6;https://birmarket.az/product/721198
1932333;0,57;https://birmarket.az/product/1932333
1917131;1,98;https://birmarket.az/product/1917131
1982877;4,98;https://birmarket.az/product/1982877
1982783;1,19;https://birmarket.az/product/1982783
1315983;0,84;https://birmarket.az/product/1315983
1917146;3,4;https://birmarket.az/product/1917146
1429886;1,95;https://birmarket.az/product/1429886
348398;0,94;https://birmarket.az/product/348398
1910470;28;https://birmarket.az/product/1910470
1779735;13,89;https://birmarket.az/product/1779735
;;
1783235;12;https://birmarket.az/product/1783235
1581958;10;https://birmarket.az/product/1581958
463930;24,99;https://birmarket.az/product/463930
1391209;49,58;https://birmarket.az/product/1391209
;;
867417;210;https://birmarket.az/product/867417
1471485;35;https://birmarket.az/product/1471485
1306785;55;https://birmarket.az/product/1306785
1993633;12;https://birmarket.az/product/1993633
1788422;65;https://birmarket.az/product/1788422
1701252;209,99;https://birmarket.az/product/1701252
1133526;9,96;https://birmarket.az/product/1133526
1353164;69,99;https://birmarket.az/product/1353164
1170259;34,98;https://birmarket.az/product/1170259
1461145;38;https://birmarket.az/product/1461145
1045604;31,96;https://birmarket.az/product/1045604
1089101;58,98;https://birmarket.az/product/1089101
1230075;99,94;https://birmarket.az/product/1230075
198886;38,96;https://birmarket.az/product/198886
255127;75,61;https://birmarket.az/product/255127
198387;35;https://birmarket.az/product/198387
226145;70,97;https://birmarket.az/product/226145
254518;40,98;https://birmarket.az/product/254518
58986;34;https://birmarket.az/product/58986
858419;82,62;https://birmarket.az/product/858419
117287;65;https://birmarket.az/product/117287
127876;33,57;https://birmarket.az/product/127876
251066;19,06;https://birmarket.az/product/251066
198530;119,98;https://birmarket.az/product/198530
1098524;219,98;https://birmarket.az/product/1098524
1210974;62;https://birmarket.az/product/1210974
860544;217,99;https://birmarket.az/product/860544
1129183;199,96;https://birmarket.az/product/1129183
1702158;61,96;https://birmarket.az/product/1702158
941784;184,31;https://birmarket.az/product/941784
1702203;67,98;https://birmarket.az/product/1702203
226164;35,93;https://birmarket.az/product/226164
1153921;50;https://birmarket.az/product/1153921
1702292;42,94;https://birmarket.az/product/1702292
1731682;17;https://birmarket.az/product/1731682
1701962;49,98;https://birmarket.az/product/1701962
1094896;55,98;https://birmarket.az/product/1094896
1385272;27,98;https://birmarket.az/product/1385272
1702256;46,98;https://birmarket.az/product/1702256
1385251;22,94;https://birmarket.az/product/1385251
1761428;48,98;https://birmarket.az/product/1761428
437335;33,27;https://birmarket.az/product/437335
226163;29,98;https://birmarket.az/product/226163
1702140;31,95;https://birmarket.az/product/1702140
1733119;25,48;https://birmarket.az/product/1733119
588297;320;https://birmarket.az/product/588297
1368916;139,98;https://birmarket.az/product/1368916
779515;45,92;https://birmarket.az/product/779515
900746;174,95;https://birmarket.az/product/900746
900748;128,72;https://birmarket.az/product/900748
1153928;20;https://birmarket.az/product/1153928
1120193;35,96;https://birmarket.az/product/1120193
1094253;28;https://birmarket.az/product/1094253
691428;22,63;https://birmarket.az/product/691428
1968022;25;https://birmarket.az/product/1968022
1274367;34,39;https://birmarket.az/product/1274367
963431;23,7;https://birmarket.az/product/963431
1447826;45;https://birmarket.az/product/1447826
1136181;30;https://birmarket.az/product/1136181
1687825;64,98;https://birmarket.az/product/1687825
1687811;79,98;https://birmarket.az/product/1687811
1590356;63;https://birmarket.az/product/1590356
958102;35,96;https://birmarket.az/product/958102
958242;28,77;https://birmarket.az/product/958242
836875;123;https://birmarket.az/product/836875
575000;80;https://birmarket.az/product/575000
582499;80,98;https://birmarket.az/product/582499
1917097;8,48;https://birmarket.az/product/1917097
1817214;9,48;https://birmarket.az/product/1817214
1780396;8,93;https://birmarket.az/product/1780396
670483;9;https://birmarket.az/product/670483
1819040;5,98;https://birmarket.az/product/1819040
120171;8;https://birmarket.az/product/120171
;;
115332;44,97;https://birmarket.az/product/115332
366932;5,81;https://birmarket.az/product/366932
490230;179;https://birmarket.az/product/490230
7334;3,96;https://birmarket.az/product/7334
1386690;4,79;https://birmarket.az/product/1386690
1575215;12,88;https://birmarket.az/product/1575215
1918199;49,64;https://birmarket.az/product/1918199
1076477;12,98;https://birmarket.az/product/1076477
1152076;14;https://birmarket.az/product/1152076
255125;50;https://birmarket.az/product/255125
588283;38,55;https://birmarket.az/product/588283
1094250;35,98;https://birmarket.az/product/1094250
630397;33,77;https://birmarket.az/product/630397
198535;35,98;https://birmarket.az/product/198535
1176869;24;https://birmarket.az/product/1176869
1714863;449,98;https://birmarket.az/product/1714863
1694011;27,91;https://birmarket.az/product/1694011
1721184;24;https://birmarket.az/product/1721184
473906;185;https://birmarket.az/product/473906
1845835;195;https://birmarket.az/product/1845835
1850484;50;https://birmarket.az/product/1850484
995675;24,67;https://birmarket.az/product/995675
1688204;45;https://birmarket.az/product/1688204
1688153;45;https://birmarket.az/product/1688153
1849439;45;https://birmarket.az/product/1849439
1858437;38,98;https://birmarket.az/product/1858437
1377544;21,98;https://birmarket.az/product/1377544
1221697;19,94;https://birmarket.az/product/1221697
1795076;29;https://birmarket.az/product/1795076
518449;347;https://birmarket.az/product/518449
588315;56,5;https://birmarket.az/product/588315
588322;42,98;https://birmarket.az/product/588322
473128;32,98;https://birmarket.az/product/473128
656386;47,52;https://birmarket.az/product/656386
1844092;40;https://birmarket.az/product/1844092
445126;17,47;https://birmarket.az/product/445126
198390;17,26;https://birmarket.az/product/198390
1929349;36,89;https://birmarket.az/product/1929349
1855023;25;https://birmarket.az/product/1855023
118205;72,72;https://birmarket.az/product/118205
201107;28,23;https://birmarket.az/product/201107
1211807;28,99;https://birmarket.az/product/1211807
437333;56,47;https://birmarket.az/product/437333
1507516;92,5;https://birmarket.az/product/1507516
1588878;96,39;https://birmarket.az/product/1588878
1594918;97,52;https://birmarket.az/product/1594918
