ID;Ad - Az;Qiymət;Kateqoriya
346593;Versace Eros kişilər üçün tualet suyu 50 ml;99;Ətirlər
254518;Elektrik çaydan Sokany SK-1027;40.98;Elektrik çaydanlar və termopotlar
337907;Yves Saint Laurent Libre Intense qadınlar üçün ətir suyu 30 ml;138.4;Ətirlər
512473;Victoria's Secret Velvet Petals qadınlar üçün ətir dəsti (losyon 75 ml + sprey 75 ml);37.98;Ətir dəstləri
520209;Moschino Toy Boy kişilər üçün ətir suyu 100 ml;119.88;Ətirlər
206895;Qəhvəüyüdən Galaksi GCG-068;25.68;Qəhvə üyüdən
1421644;No Brand Teriaq Intense ətir suyu hər kəs üçün, 100 ml;39.95;Ətirlər
1399931;No Brand Gentleman kişilər üçün ətir suyu, 100 ml.;69;Ətirlər
411764;Ətçəkən Hausberg HB-3440BL;240.94;Ətçəkən maşın
670377;Amouage Blossom Love qadınlar üçün ətir suyu, 100 ml;449;Ətirlər
1356299;Dondurucu qutu AZERRA BD/BC-108 100L gümüşü;415.86;Dondurucu kameralar
363759;Elektrik ülgüc DSP 60074;18.сен;Kişi elektrik ülgücləri
1492667;Tozsoran RAF R.8661 Red;99;Adi tozsoranlar
298832;Ətçəkən Hausberg HB -3445;169.38;Ətçəkən maşın
1269273;Qoz bişirən RAF R.2515;39.99;Blinçik və Vafli bişirən aparat
285467;Roberto Cavalli Paradiso qadınlar üçün ətir suyu 75 ml;95.29;Ətirlər
1152863;Armaf Le Parfait Opus qadınlar üçün ətir suyu 100 ml;67.49;Ətirlər
442504;Bentley Beyond The Collection Exotic Musk ətir suyu hamı üçün 100 ml;173.64;Ətirlər
436751;Elie Saab Le Parfum qadınlar üçün ətir suyu 90 ml;130;Ətirlər
257458;Paco Rabanne 1 Million Parfum kişilər üçün ətir 100 ml;200;Ətirlər
397337;Memo Paris African Leather uniseks ətir suyu, 75 ml;349;Ətirlər
571834;Yves Saint Laurent Black Opium Extreme qadınlar üçün ətir suyu 50 ml;179.99;Ətirlər
193555;Yves Saint Laurent Libre qadınlar üçün ətir suyu 90 ml;250;Ətirlər
387152;Saç üçün maşa-dalğa Gemei GM-1988;127.44;Saç üçün staylerlər və maşalar
891503;Tozsoran HALEY HY-9902;155;Adi tozsoranlar
1783678;Lattafa Perfumes Khamrah Qahwa uniseks ətir suyu, 100 ml;61.24;Ətirlər
609102;Dior Sauvage Elixir kişilər üçün ətir suyu, 100 ml;289;Ətirlər
1204231;Uşaqlar üçün şişmə hovuz Intex 248TX59431T150, rəngbərəng, 132x132x28 sm, 248 l + 150 ədəd top hədiyyə;38.16;Hovuzlar
989763;Buz generatoru RAF R.0300;159.98;Dondurucu kameralar
301584;Tiziana Terenzi Sirrah uniseks parfüm 100 ml;499;Ətirlər
1304278;No Brand Libre SLRBES17 qadınlar üçün ətir suyu 50 ml;54.95;Ətirlər
729841;Elektrik plitə Sokany SK-5115;110.14;Masaüstü elektrik bişiricilər
892098;Amouage Honour Woman qadınlar üçün ətir suyu, 100 ml;449;Ətirlər
1403401;No Brand Si qadınlar üçün ətir dəsti 4x30 ml;80;Ətir dəstləri
760388;Fen DSP 37002 White;27.77;Fenlər
1516145;Fləş kart I-Flashdevice 4-in-1 64 GB;59;USB fləş kartlar
1714972;Ətçəkən Sokany SK-06044;67.47;Ətçəkən maşın
871433;Mikrodalğalı soba Gorenje MO20A3BH;330;Mikrodalğalı sobalar
357414;Lancome Miracle qadınlar üçün ətir suyu 100 ml;200;Ətirlər
1778772;Selvace Pour Homme kişilər üçün ətir suyu 100 ml;34.9;Ətirlər
937516;Burberry Goddess qadınlar üçün ətir suyu 100 ml;230;Ətirlər
1146013;Dolce & Gabbana Light Blue qadınlar üçün tualet suyu 100 ml.;125.88;Ətirlər
292712;Armaf Magnificent Blue Pour Homme kişilər üçün ətir suyu 100 ml;43.49;Ətirlər
246810;Versace Eros Flame kişilər üçün ətir suyu 50 ml;95;Ətirlər
1069753;Prima Secret Biohal ətir suyu qadınlar üçün 100 ml;75.33;Ətirlər
1368916;Blender Sokany sk3333.cehhous;139.98;Blenderlər
1091696;Gucci Flora Gorgeous Orchid qadınlar üçün ətir suyu, 100 ml;180;Ətirlər
96369;Doğrayıcı Eurolux EU-CG2525KFP;35.97;Mətbəx kombaynları və doğrayıcılar
193554;Yves Saint Laurent Libre qadınlar üçün ətir suyu 50 ml;169;Ətirlər
1657897;Elektrik soba Yidifat 1300W, 55L;155.43;Elektrik sobalar, masaüstü elektrik sobalar
1032265;Üz üçün gündüz kremi Chanel Ultra Correction Lift 50 q;133.11;Üz kremi
884104;Emper Milestone Bogart Rouge 560 uniseks ətir suyu 100 ml;22.май;Ətirlər
872219;Aerofritür Hoffmans HM-775;132.15;Airfryer və Fritozlar
900761;Vertikal tozsoran Sokany SK-13022;180;Vertikal tozsoranlar
1624422;Tonal krem Note Mattifying Extreme Wear SPF15 N03, 35 ml;дек.65;Tonal krem
52295;Qəhvə üyüdən Hausberg HB-7569;33.98;Qəhvə üyüdən
972753;Lattafa Perfumes ətir dəsti (Lattafa Perfumes Asad 100 ml + Lattafa Perfumes Yara 100 ml);78.63;Ətir dəstləri
251221;Chanel Allure Homme Sport Eau Extreme kişilər üçün ətir suyu 100 ml;394.84;Ətirlər
373346;Alhambra Euzonea qadınlar üçün ətir suyu 100 ml;38;Ətirlər
519452;Armaf Ventana Pour Homme kişilər üçün ətir suyu 100 ml;55;Ətirlər
738386;Əl mikseri Eurolux EU-HМ3890DSP;43.55;Mikserlər
1143744;Qəhvəüyüdən Blackbird BCG-9670;29.99;Qəhvə üyüdən
795643;Termopot Galaksi GAP 009 Qara;74.09;Elektrik çaydanlar və termopotlar
984123;Konsiler Tarte Cosmetics Shape Tape Ultra Creamy 29N Light Medium 10 ml;63.6;Üz üçün korrektor, konsiler
1346164;Elektrik ülgüc RAF R.11200;39.86;Kişi elektrik ülgücləri
300837;Xerjoff Casamorati 1888 Dama Bianca qadınlar üçün ətir suyu 100 ml;280.78;Ətirlər
938819;Shiseido Zen qadınlar üçün ətir suyu 30 ml;88.75;Ətirlər
715186;Blender RAF R.319, qara;17.авг;Blenderlər
731597;Tozsoran RAF R.8754;150;Adi tozsoranlar
667866;By Kilian The Smokes Smoking Hot uniseks ətir suyu 50 ml;450;Ətirlər
195871;Ajmal Evoke for Her qadınlar üçün ətir suyu 75 ml;67;Ətirlər
1783702;Lattafa Khamrah uniseks ətir suyu, 100 ml;64;Ətirlər
302611;Karkaslı hovuz Intex Ultra XTR Frame 26364, 732x366x132 sm;2749.99;Hovuzlar
1265230;Qoz cıhazı RAF R.2516;66.32;Digər mətbəx texnikası
1290293;No Brand Ombre Leather tom ford;49.98;Ətirlər
760253;Givenchy L'Interdit Rouge Ultime qadınlar üçün ətir suyu 80 ml;169;Ətirlər
196411;Ajmal Shadow for Her qadınlar üçün ətir suyu 75 ml;60;Ətirlər
1112817;No Brand Lattafa Perfumes Yara qadınlar üçün ətir suyu;29;Ətirlər
892088;Prada La Femme Intense qadınlar üçün ətir suyu, 50 ml;139.2;Ətirlər
654469;Givenchy Gentleman Society kişilər üçün ətir suyu 100 ml;199;Ətirlər
693580;Dolce & Gabbana Devotion qadınlar üçün ətir suyu 100 ml;199;Ətirlər
1201883;Ətir Lattafa Khamrah Qahwa;19.98;Ətirlər
295087;Chanel Allure Homme Sport kişilər üçün tualet suyu 100 ml;287.2;Ətirlər
193562;Yves Saint Laurent Mon Paris Floral qadınlar üçün ətir suyu 50 ml;174.63;Ətirlər
752716;Jo Malone London Myrrh & Tonka Cologne Intense odekolon hər kəs üçün 100 ml;282.2;Ətirlər
1615633;Tozsoran RAF R.8754 Black;176;Adi tozsoranlar
941784;Doğrayıcı Sokany SK-06008;184.31;Mətbəx kombaynları və doğrayıcılar
1702203;Universal doğrayıcı Sokany SK-06036;67.98;Mətbəx kombaynları və doğrayıcılar
226164;Doğrayıcı Sokany SK-7026;35.93;Mətbəx kombaynları və doğrayıcılar
1701962;Universal doğrayıcı Sokany SK-06011;49.98;Mətbəx kombaynları və doğrayıcılar
1385272;Xırdalayıcı Galaksi GMG-013 AV_401;27.98;Mətbəx kombaynları və doğrayıcılar
1702256;Universal doğrayıcı Sokany SK-06022;46.98;Mətbəx kombaynları və doğrayıcılar
1385251;Universal xırdalayıcı Galaksi GMG-011 AV_400;22.94;Mətbəx kombaynları və doğrayıcılar
1761428;Doğrayıcı Sokany SK-06027 600W;48.98;Mətbəx kombaynları və doğrayıcılar
1271039;Simsiz qulaqliq Airpods Max;231;Qulaqlıqlar və qarniturlar
424182;Qızdırıcı ventilyator ReSovio PTC-902;103.2;Qızdırıcı ventilyatorlar
861501;Ütü Elif ZTW-EL518;26.53;Ütülər və buxar generatorları
301003;Giorgio Armani Because It's You qadınlar üçün ətir suyu 100 ml;199;Ətirlər
500636;Armaf Le Parfait Azure qadınlar üçün ətir suyu 100 ml;44.98;Ətirlər
723523;Roberto Cavalli Paradise Found kişilər üçün tualet suyu 75 ml;58.07;Ətirlər
667838;Louis Vuitton Orage kişilər üçün ətir suyu 100 ml;585.77;Ətirlər
450169;Chanel Bleu De Chanel kişilər üçün tualet suyu 100 ml;249;Ətirlər
437335;Doğrayıcı Sokany SK-7020;33.27;Mətbəx kombaynları və doğrayıcılar
488971;Üz üçün zərdab Skin1004 Madagascar Centella Probio-Cica Intensive Ampoule, 50 ml;32.75;Serumlar və zərdablar
226163;Doğrayıcı Sokany SK-7006;29.98;Mətbəx kombaynları və doğrayıcılar
330335;Elektrik milçəköldürən, məhsul çeşiddə;авг.91;Milçəköldürənlər
1702140;Universal doğrayıcı Sokany LB-7002A;31.95;Mətbəx kombaynları və doğrayıcılar
1204326;Şişmə hovuz Intex 700TX56490T200, oval, 262x160x46 sm, 700 l, rəngbərəng;97.75;Hovuzlar
588297;Aerofritür Sokany AF-003A;320;Airfryer və Fritozlar
1733119;Elektrik çaydan Sokany SK-SH-1098;25.48;Elektrik çaydanlar və termopotlar
1282938;Tozsoran Galaksi GVC-7018_SH;103.89;Adi tozsoranlar
1007045;Maison Alhambra ətir dəsti (Emper Epic Adventure kişilər üçün tualet suyu 100 ml + Maison Alhambra Libbra Leonie qadınlar üçün ətir suyu 100 ml);50;Ətir dəstləri
451549;Victoria's Secret Bombshell Sundrenched qadınlar üçün ətir suyu 100 ml;140;Ətirlər
453381;Thierry Mugler Alien qadınlar üçün ətir suyu 60 ml;157.74;Ətirlər
1364527;Cronier 7755 hava feni EC;79.84;Fenlər
301581;Tiziana Terenzi Ursa uniseks parfüm 100 ml;302.79;Ətirlər
247805;Hermes Terre d'Hermes kişilər üçün tualet suyu, 100 ml;200;Ətirlər
634822;Tonal krem Huda Beauty FauxFilter Luminous Matte 150G Crème Brulee 35 ml;96.99;Tonal krem
831976;Valentino Uomo Born In Roma Yellow Dream kişilər üçün tualet suyu 100 ml;224.63;Ətirlər
938011;Gucci Flora Gorgeous Magnolia qadınlar üçün ətir suyu 100 ml;263.2;Ətirlər
480584;Armaf Voyage Hawaii Pour Femme qadınlar üçün ətir suyu 100 ml;55;Ətirlər
100830;Alhambra Jardin de Paris qadınlar üçün ətir suyu 100 ml;28;Ətirlər
196435;Alexandre.J Rose Alba qadınlar üçün ətir suyu 100 ml;173;Ətirlər
1236573;Jean Paul Gaultier La Belle qadınlar üçün ətir suyu 100 ml;306.8;Ətirlər
238848;Attar Collection The Queen of Sheba qadınlar üçün ətir suyu 100 ml;87.24;Ətirlər
193440;Lanvin Eclat d'Arpege qadınlar üçün ətir suyu 30 ml;55;Ətirlər
214037;Bentley for Men Absolute kişilər üçün ətir suyu 100 ml;185.77;Ətirlər
121604;Meyvə və tərəvəz üçün quruducu Hausberg HB-810;64.92;Meyvə və tərəvəz qurudan
299199;Giorgio Armani Prive Rouge Malachite uniseks ətir suyu 100 ml;499;Ətirlər
298835;Ətçəkən Hausberg HB-3450;120;Ətçəkən maşın
779515;Ütü Sokany SK-11019;45.92;Ütülər və buxar generatorları
306361;Givenchy Irresistible qadınlar üçün ətir suyu 50 ml;149;Ətirlər
1386690;BB-krem üz üçün Belita Young Photoshop-effekt SPF15, 30 ml;апр.79;BB və CC krem
1153928;Trimmer Sokany SK-392;20;Saç qırxan maşın
1120193;Elektrik çaydan Sokany SK-09031 Black/Brown;35.96;Elektrik çaydanlar və termopotlar
691428;Bədənə qulluq dəsti Emper Flower's Secret Tulip Night (losyon 250 ml + mist 250 ml);22.63;Kosmetik hədiyyə dəstləri
1136181;Milestone Mizan Life uniseks ətir suyu 100 ml;30;Ətirlər
588315;Saç kəsimi üçün cihaz Sokany SK-749;56.5;Saç qırxan maşın
1687825;No Brand League Premiere uniseks ətir suyu 100 ml;64.98;Ətirlər
656386;Trimmer Sokany SK-9942;47.52;Saç qırxan maşın
958102;Milestone Perfumes The Man kişilər üçün ətir suyu 100 ml;35.96;Ətirlər
958242;Milestone Paradise Life Pour Femme qadınlar üçün ətir suyu 100 ml;28.77;Ətirlər
473128;Ütü Sokany SK-YD-2117 Grey;32.98;Ütülər və buxar generatorları
517532;Jean Paul Gaultier Scandal qadınlar üçün ətir suyu, 80 ml;199;Ətirlər
238828;Lacoste L'Homme kişilər üçün tualet suyu 100 ml;130;Ətirlər
307035;Afnan Tribute Blue kişilər üçün ətir suyu 100 ml;145;Ətirlər
557838;Valentino Donna Valentino qadınlar üçün ətir suyu 50 ml;190;Ətirlər
891890;Kondisioner Evvoli EVCIS-18K-MD-1;1089.01;Kondisionerlər
1817214;Kirpiklər üçün tuş Essence Lash Princess, 12 ml;сен.48;Kirpiklər üçün tuş
1204177;Uşaqlar üçün şişmə hovuz Intex 57TX57100PT50, çəhrayı, 85x85x23 sm, 57 l + 50 ədəd top hədiyyə;28.июл;Hovuzlar
1204324;Şişmə hovuz Intex 700TX56490, oval, rəngbərəng, 262x160x46 sm, həcm 700 l;82.27;Hovuzlar
1844092;No Brand La Vida Es Bella qadınlar üçün ətir suyu 75 ml;40;Ətirlər
450529;Elie Saab Girl Of Now Lovely qadınlar üçün ətir suyu 90 ml;109.54;Ətirlər
463930;Doğrayıcı RAF R-7018;24.99;Mətbəx kombaynları və doğrayıcılar
198390;Saç üçün düzləşdirici Sokany HS-014;17.26;Saç üçün düzləşdiricilər, ütülər
1929349;Saç üçün düzləşdirici Sokany HS-014 Black;36.89;Saç üçün düzləşdiricilər, ütülər
1855023;Saç üçün düzləşdirici Sokany HS014;25;Saç üçün düzləşdiricilər, ütülər
118205;Saç üçün düzləşdirici Sokany TS-805;72.72;Saç üçün düzləşdiricilər, ütülər
451478;Lancome La Nuit Tresor L‘eau De Parfum qadınlar üçün ətir suyu 100 ml;190;Ətirlər
397365;Chanel Bleu de Chanel Parfum kişilər üçün parfüm 50 ml;215.2;Ətirlər
230844;Versace Man Eau Fraiche kişilər üçün tualet suyu 50 ml;89;Ətirlər
251445;Chanel N°5 qadınlar üçün ətir suyu 100 ml;295.2;Ətirlər
201107;Toster Sokany SK-016S;28.23;Tosterlər
687288;Fragrance World Ur Way qadınlar üçün ətir suyu 100 ml;19.98;Ətirlər
7334;BB-krem üz üçün Belita Young Photoshop-effekt 30 ml;мар.96;BB və CC krem
366932;Pudra Airspun matlaşdırıcı 65 q;май.81;Səpmə kirşan
715397;Dodaq üçün parıldadıcı Kiko Milano 3D Hydra 20 Chestnut 6.5 ml;19.сен;Dodaq üçün parıldadıcı
364239;Hədiyyəlik dəst Victoria's Secret Bare Vanilla 75 ml;43.9;Kosmetik hədiyyə dəstləri
582499;Aerofritür RAF R.5234W;80.98;Airfryer və Fritozlar
26847;Toster Ariete 186 Party Time;207.14;Tosterlər
1507516;Dekorativ kosmetika dəsti Sheglam Advent calendar 12 Days of Sweet Beauty Picks 12 əd;92.5;Advent təqvimləri
1588878;Dekorativ kosmetika dəsti Sheglam Advent Calendar 12 Days of Sweet Beauty Picks Lux 12 əd;96.39;Advent təqvimləri
1594918;Dekorativ kosmetika dəsti Sheglam Advent Calendar 12 əd;97.52;Dekorativ kosmetika dəsti
1850484;Saç üçün düzləşdirici Braun BR-5599 Professional;50;Saç üçün düzləşdiricilər, ütülər
196430;Alexandre.J Black Muscs uniseks ətir suyu 100 ml;133;Ətirlər
557830;Valentino Donna Valentino qadınlar üçün ətir suyu 100 ml;199;Ətirlər
889758;Elektrik qril Hoffmans HM-3018;104.39;Qril, barbekyu və manqallar
1606297;No Brand Teriaq Intense uniseks ətir suyu 100 ml;43.32;Ətirlər
907218;Tozsoran RAF R-8702R;144.52;Adi tozsoranlar
1043902;Tiziana Terenzi Kirke uniseks Extrait De Parfum 100 ml;299;Ətirlər
1494367;Qulaqlıq No Brand Airpods Max Blue;42.79;Qulaqlıqlar və qarniturlar
1043907;By Kilian Angels Share uniseks ətir suyu 50 ml;400;Ətirlər
1516185;Fləş kart I-Flashdevice 4-in-1 256 GB;99;USB fləş kartlar
198890;Tozsoran Blackbird BVC-3368;153.18;Adi tozsoranlar
363772;Aerofritür DSP KB-2085;170.14;Airfryer və Fritozlar
594823;Əl buxarlayıcısı RAF R.1277;37.99;Geyim buxarlayıcıları
343421;Gözlər üçün konsiler Tarte Cosmetics Shape Tape Ultra Creamy Contour Concealer 16N;50;Üz üçün korrektor, konsiler
423976;Moschino Toy 2 Bubble Gum qadınlar üçün tualet suyu 100 ml;129;Ətirlər
437239;Armaf Odyssey Mandarin Sky kişilər üçün ətir suyu 100 ml;55;Ətirlər
237652;Xerjoff Casamorati Mefisto kişilər üçün ətir suyu 100 ml;300;Ətirlər
237971;Lanvin Oxygene qadınlar üçün ətir suyu 75 ml;59.97;Ətirlər
1266759;Victoria's Secret Bombshell Santorini qadınlar üçün ətir suyu 100 ml;169;Ətirlər
296930;Tiziana Terenzi Telea uniseks ətir 100 ml;580;Ətirlər
194326;Mancera Red Tobacco uniseks ətir suyu 120 ml;155;Ətirlər
228024;Rue Broca Pride Pour Femme qadınlar üçün ətir suyu 100 ml;29.99;Ətirlər
1513655;Planetar mikser RAF R.6610 1300W;179.97;Mikserlər
728721;Televizor Ficher 24D18;194.35;Televizorlar
1514216;Monopod-tripod Selfie Stick;13.98;Monopodlar və selfi çubuqları
462441;Mugler Alien qadınlar üçün ətir suyu 90 ml;220;Ətirlər
584074;Ütü RAF R.1209;19.32;Ütülər və buxar generatorları
1744500;Üz toneri Round Lab Dokdo Toner 200 ml nəmləndirici, sakitləşdirici və hamarlaşdırıcı təsirli - brandno0000022;26;Üz toneri
198886;Fen-fırça Sokany HB-841-2;38.96;Fenlər
1210974;Qəhvəbişirən Tiffany TF-1608;62;Qəhvəbişirənlər, qəhvə maşınları
1308622;No Brand Eclat Darpege qadınlar üçün ətir suyu 100 ml;23.май;Ətirlər
1518908;Tonal krem-kuşon Tirtir Mask Fit Red ton 17W French Vanilla 18 q;40.5;Krem-pudra, kuşon
1432726;No Brand Sauvage kişilər üçün ətir suyu 100 ml;12.мар;Ətirlər
1210834;Şirəçəkən Starlux SL-1061;80;Şirəçəkənlər
836875;Aerofritür Lexical LAF-3045;123;Airfryer və Fritozlar
575000;Aerofritür RAF R.5232 White;80;Airfryer və Fritozlar
209127;Yves Saint Laurent Black Opium qadınlar üçün ətir suyu 90 ml;199.2;Ətirlər
294603;Bvlgari Man Wood Essence kişilər üçün ətir suyu 100 ml;152.09;Ətirlər
978012;Vertikal tozsoran Haley HY-3902;130.5;Vertikal tozsoranlar
571951;Lattafa Perfumes Al Andaleeb ətir suyu uniseks 100 ml;34.2;Ətirlər
1483875;Mikrodalğalı soba Hausberg HB-8005NG - MXM_HB-8005NG;179.97;Mikrodalğalı sobalar
892625;Mancera Red Tobacco Intense uniseks ətir suyu 120 ml;300;Ətirlər
667236;Ralph Lauren Polo Blue kişilər üçün ətir suyu, 125 ml;69.89;Ətirlər
294484;Versace Eros Flame kişilər üçün tualet suyu 100 ml;100;Ətirlər
292710;Armaf Club de Nuit Intense Man kişilər üçün tualet suyu 105 ml;80;Ətirlər
475373;Alhambra Infini Rose uniseks ətir suyu 100 ml;50;Ətirlər
587405;Popkorn cihazı Ariete 2957/00, qırmızı;78.99;Digər mətbəx texnikası
1423528;Tozsoran Blackbird BVC-3371 Blue;159.99;Adi tozsoranlar
230969;Initio Parfums Prives Rehab uniseks ətir suyu 90 ml;145.38;Ətirlər
1219616;No Brand Tobacco Vanille uniseks ətir suyu 100 ml;44.98;Ətirlər
1495257;Uomo Born In Roma kişilər üçün tualet suyu 100 ml;59.98;Ətirlər
292701;Armaf Club de Nuit Intense qadınlar üçün ətir suyu 105 ml;60;Ətirlər
1204217;Uşaqlar üçün şişmə hovuz Intex 156TX59416T100, mavi, 114x114x25 sm, 156 l + 100 ədəd top hədiyyə;27.68;Hovuzlar
1517034;No Brand La Femme Intense ətir suyu qadınlar üçün, 100 ml;62.99;Ətirlər
230887;Salvatore Ferragamo F by Ferragamo Pour Homme kişilər üçün tualet suyu 100 ml;62.67;Ətirlər
1094896;Doğrayıcı Sokany SK-06035;55.98;Mətbəx kombaynları və doğrayıcılar
1473294;Vertikal tozsoran Tiffany TF-1706 Black;85.49;Vertikal tozsoranlar
1089101;Ütü Fakir Perle Mor;58.98;Ütülər və buxar generatorları
196434;Alexandre.J Morning Muscs uniseks ətir suyu 100 ml;125.09;Ətirlər
1392411;Simsiz qulaqlıqlar Your Music Y-680;52.2;Qulaqlıqlar və qarniturlar
221949;Konsiler Tarte Cosmetics Shape Tape Concealer 29N Light-Medium 10 ml;54.96;Üz üçün korrektor, konsiler
1217179;Toster RAF R.2101 qara;35.99;Tosterlər
938978;Mikser Jamaky JMK6006;17.сен;Mikserlər
445381;Fritür RAF R.5249;88.89;Airfryer və Fritozlar
1033059;No Brand Prima Prima The Rio kişilər üçün ətir suyu 100 ml.;36.54;Ətirlər
230866;Salvatore Ferragamo F by Ferragamo Free Time kişilər üçün tualet suyu 100 ml;55.64;Ətirlər
930085;Doğrayıcı RAF R.332;18.98;Mətbəx kombaynları və doğrayıcılar
961353;Əl buxarlayıcısı Haley HY-304;47.58;Geyim buxarlayıcıları
1217919;No Brand Versaсe Eros kişilər üçün ətir suyu 100 ml.;41.98;Ətirlər
443294;Şirəçəkən Sokany JE-25;171.98;Şirəçəkənlər
118212;Fen Sokany SK-911;31.45;Fenlər
346599;Dolce & Gabbana Light Blue Pour Homme kişilər üçün tualet suyu 125 ml;210.58;Ətirlər
1310877;No Brand Libre libre1 qadınlar üçün ətir suyu 90 ml;59;Ətirlər
374459;Hədiyyə dəsti Victoria's Secret Love Spell Gift Set, 75 ml sprey + 75 ml losyon;31.95;Kosmetik hədiyyə dəstləri
1265581;Ütü RAF R.1116;44.9;Ütülər və buxar generatorları
1278113;Parfüm Fragrance World Proud Of You Tobacco 100 ml Eau De Parfum, Tütün ətri;34.97;Ətirlər
1122760;Mikser Starlux SL-25210;27.99;Mikserlər
246830;Giorgio Armani Si qadınlar üçün ətir suyu 100 ml;195;Ətirlər
231836;Carolina Herrera Chic qadınlar üçün ətir suyu 80 ml;170;Ətirlər
230920;Lanvin Eclat d'Arpege qadınlar üçün ətir suyu 100 ml;69;Ətirlər
517359;Attar Collection Areej qadınlar üçün ətir suyu 100 ml;122.98;Ətirlər
874147;Dolce & Gabbana Devotion qadınlar üçün ətir suyu, 50 ml;149;Ətirlər
995670;Vertikal tozsoran Tiffany tf-1702;51.99;Vertikal tozsoranlar
1152862;Armaf Le Parfait Mon Amour qadınlar üçün ətir suyu 100 ml;55;Ətirlər
594830;Planetar mikser RAF R.6603;230;Mikserlər
874150;Yves Saint Laurent Black Opium Le Parfum qadınlar üçün ətir 90 ml;167.12;Ətirlər
900758;Mikser Sokany SK-05004;319.45;Mikserlər
500638;Armaf Magnificent Pour qadınlar üçün ətir suyu 100 ml;45.55;Ətirlər
1223203;Qəhvəbişirən Hausberg HB-3755 WiFi;227.37;Qəhvəbişirənlər, qəhvə maşınları
1444470;Qızdırıcı ventilyator POTOP FH-103A 2000W 18-20 kv.m;30.57;Qızdırıcı ventilyatorlar
612733;Gucci Flora Gorgeous Gardenia qadınlar üçün ətir suyu 100 ml;199;Ətirlər
497205;Xaylayter Rare Beauty Positive Light Silky Touch Flaunt;62.68;Xaylayter və oxşar vasitələr
1645686;Sendviç cihazı Hausberg HB-3535 Yellow;27.24;Sendviç cihazı
1516150;Fləş kart I-Flashdevice 4-in-1 128 GB;75;USB fləş kartlar
1424033;Qızdırıcı ventilyator PTC-902;64.98;Qızdırıcı ventilyatorlar
480583;Armaf Le Parfait Pour Femme Panache qadınlar üçün ətir suyu 100 ml;55;Ətirlər
301002;Giorgio Armani Because It's You qadınlar üçün ətir suyu 30 ml;181.43;Ətirlər
94591;Emper Epic Adventure kişilər üçün tualet suyu 100 ml;30;Ətirlər
432650;Armaf Tag Him Pour Homme kişiler üçün tualet suyu 100 ml;28;Ətirlər
230930;Paloma Picasso qadınlar üçün ətir suyu 30 ml;67.56;Ətirlər
1163179;No Brand Eros kişilər üçün ətir suyu, 100 ml..;41.85;Ətirlər
209130;Yves Saint Laurent Mon Paris qadınlar üçün ətir suyu 50 ml;225.66;Ətirlər
1007042;Lattafa Perfumes ətir dəsti (Lattafa Perfumes Khamrah 100 ml + Lattafa Perfumes Yara 100 ml);90.3;Ətir dəstləri
1230686;Yumuru maşa Cronier CR-2063;38.9;Saç üçün staylerlər və maşalar
1536922;Elektik qril RAF R.2684 Silver/Black;85.5;Qril, barbekyu və manqallar
608925;Aerofritür DSP KB2125;223.75;Airfryer və Fritozlar
1400637;Üz kremi Guerlain Abeille Royale Wrinkle Correction;138.77;Gecə üz kremi
666757;Tonal krem MAC Cosmetics NC15 SPF 15 Hyper Real 30 ml;70.13;Tonal krem
411773;Vertikal buxarlayıcı Sokany SK-4007;308;Geyim buxarlayıcıları
571981;Tom Ford Tobacco Vanille ətir suyu uniseks 100 ml;559;Ətirlər
490230;Qol saatı Michael Kors MK5955;179;Qadın qol saatları
231107;Chanel Coco Mademoiselle qadınlar üçün ətir suyu 50 ml;249;Ətirlər
651761;Ütü RAF R.1248O;33.14;Ütülər və buxar generatorları
1217924;No Brand Flora Gorgeous Orchid qadınlar üçün ətir suyu 100 ml.;43.95;Ətirlər
1122751;Sendviç cihazı Starlux SL-22106;20.24;Sendviç cihazı
444674;Vertikal buxarlayıcı Sokany SK-4005;213;Geyim buxarlayıcıları
432839;Mikser RAF R.6630;28.сен;Mikserlər
723512;Bvlgari Man Glacial Essence kişilər üçün ətir suyu 100 ml;207;Ətirlər
1392346;Blender Sokany SHRK_48840048;46.77;Blenderlər
1408004;No Brand Sauvace ətir suyu kişilər üçün 100 ml;13.97;Ətirlər
1662452;No Brand Teriaq uniseks ətir suyu, 100 ml;58.68;Ətirlər
193507;Narciso Rodriguez Pure Musc For Her qadınlar üçün ətir suyu 100 ml;190;Ətirlər
252629;Tom Ford Oud Wood uniseks ətir suyu 100 ml;500;Ətirlər
1040119;Fragrance World Toomford Pour Homme kişilər üçün ətir suyu, 100 ml;24.46;Ətirlər
1687811;No Brand League Arena kişilər üçün Extrait De Parfum 15 ml;79.98;Ətirlər
224951;Elektrik çaydan DSP KK-1110;146.22;Elektrik çaydanlar və termopotlar
1320000;Lattafa Parfumes Teriaq uniseks ətir suyu 100 ml;36.55;Ətirlər
295089;Clive Christian Original Collection No.1 kişilər üçün ətir suyu 50 ml;531.45;Ətirlər
519456;Estiara Sports Homme Limited Edition kişilər üçün ətir suyu 100 ml;20.69;Ətirlər
485025;Televizor Ficher AS-32D20;227;Televizorlar
194311;Ajmal Santal Wood uniseks ətir suyu 100 ml;180;Ətirlər
1193191;No Brand Yara ətir suyu qadınlar üçün 100 ml;13;Ətirlər
304011;Burberry Burberry Her qadınlar üçün ətir suyu 100 ml;189;Ətirlər
451547;Tom Ford Tuscan Leather ətir suyu hamı üçün 100 ml;599;Ətirlər
239580;By Kilian Good Girl Gone Bad qadınlar üçün ətir suyu 50 ml.;499;Ətirlər
193504;Narciso Rodriguez Fleur Musc For Her qadınlar üçün ətir suyu 100 ml;169;Ətirlər
882548;Fragrance World Hayaati Rose qadınlar üçün ətir suyu 100 ml;30.26;Ətirlər
339752;Lattafa Perfumes Yara qadınlar üçün ətir suyu 100 ml;29.сен;Ətirlər
587413;Sendviç cihazı Ariete 1972;282.47;Sendviç cihazı
660767;Rasasi Catherine qadınlar üçün ətir suyu 45 ml;25;Ətirlər
587408;Dondurma hazırlayan cihaz Ariete Ice Cream Maker 0643/00, qırmızı;285.89;Digər mətbəx texnikası
336027;Fatimə qadınlar üçün ətir suyu 50 ml;ноя.98;Ətirlər
571982;Tom Ford Tobacco Vanille ətir suyu uniseks 50 ml;449;Ətirlər
438434;Salvatore Ferragamo Incanto Shine qadınlar üçün tualet suyu, 100 ml;65;Ətirlər
1063649;Yves Saint Laurent Black Opium Over Red qadınlar üçün ətir suyu 50 ml;199;Ətirlər
34640;Trussardi Uomo kişilər üçün tualet suyu 30 ml;50;Ətirlər
397363;Louis Vuitton L'Immensite kişilər üçün ətir suyu 100 ml;749;Ətirlər
1076477;Tiftik təmizləyən maşın Sokany SK-12005;дек.98;Geyimdən tiftik təmizləyən maşınlar
247866;Attar Collection Crystal Love For Her qadınlar üçün ətir suyu 100 ml;226.56;Ətirlər
823264;Jean Paul Gaultier Le Male Collection kişilər üçün ətir suyu 125 ml;230;Ətirlər
346368;Chanel Chance Eau Fraiche qadınlar üçün tualet suyu 50 ml;205;Ətirlər
231105;Chanel Coco Mademoiselle qadınlar üçün ətir suyu 100 ml;299;Ətirlər
461753;Tonal krem Estee Lauder Double Wear Stay In Place Makeup SPF10 1N1 72 Ivory Nude 30 ml;60.83;Tonal krem
396859;Montblanc Legend kişilər üçün ətir suyu 50 ml;74.73;Ətirlər
255125;Toster Sokany HJT-008S;50;Tosterlər
466911;Blender Eurolux EU-FP101E;30.02;Blenderlər
1318673;No Brand Oud for Greatness uniseks ətir suyu 90 ml;71.1;Ətirlər
588283;Ütü Sokany SK-YD-2120;38.55;Ütülər və buxar generatorları
193542;Giorgio Armani My Way qadınlar üçün ətir suyu 50 ml;179;Ətirlər
193445;Lanvin Marry Me qadınlar üçün ətir suyu 75 ml;63.64;Ətirlər
525201;Giorgio Armani Stronger With You Intensely kişilər üçün ətir suyu 50 ml;149;Ətirlər
102940;Alhambra Monocline 02 uniseks ətir suyu 100 ml;25;Ətirlər
500640;Alhambra Pink Shimmer Secret Oud qadınlar üçün ətir suyu 100 ml;31.97;Ətirlər
251217;Dior Sauvage kişilər üçün tualet suyu 100 ml;229;Ətirlər
430118;Yves Saint Laurent Cinema qadınlar üçün ətir suyu 90 ml;241.48;Ətirlər
779779;Şirin pambıq hazırlayan cihaz NY-T450;44.56;Digər mətbəx texnikası
1451185;Elektrik çaydan Lumabella LB-59022 2.0L 1500W - Anar67;35.1;Elektrik çaydanlar və termopotlar
246812;Versace Eros kişilər üçün ətir suyu 50 ml;95;Ətirlər
614197;Elie Saab Le Parfum qadınlar üçün ətir suyu 30 ml;69.02;Ətirlər
1133526;Bədən üçün ətirli sprey Victoria's Secret Bare Vanilla 250 ml;сен.96;Bədən üçün sprey
1311038;Elektrik cezve RAF R 126, qara;11;Qəhvəbişirənlər, qəhvə maşınları
226178;Mikser Sokany SK-6662;59.98;Mikserlər
1306785;Qadın qol saatı 368742578;55;Qadın qol saatları
337051;Attar Collection Azora uniseks ətir suyu 100 ml;61.38;Ətirlər
1701252;PRADA Paradoxe Intense qadınlar üçün ətir suyu 50 ml - 3614273961752;209.99;Ətirlər
480593;Lattafa Perfumes Hayaati Gold Elixir uniseks ətir suyu 100 ml;35;Ətirlər
237955;Carolina Herrera 212 VIP qadınlar üçün ətir suyu 50 ml;155;Ətirlər
1470672;Üz yuma üçün gel-krem Kiko Milano Beauty Roar 3 in 1 75 ml;16.52;Üz üçün yuyunma geli
1575061;Üz üçün skrab Kiko Milano Pure Clean Scrub, 75 ml;17.51;Skrab, pilinq
1742942;Üz üçün gel-skrab Kiko Milano Pure Clean, 75 ml;25.76;Üz üçün yuyunma geli
1026444;Üz üçün toner Round Lab 1025 Dokdo Toner qabıqlandırıcı 200 ml;ноя.41;Üz toneri
866253;Üz üçün toner Round Lab 1025 Dokdo 200 ml;27.98;Üz toneri
1992696;Xprinter VA-B20DP, XP-460B;170;Kassa avadanlığı
1353164;Victorias Secret Bombshell qadınlar üçün ətir suyu, 50 ml;69.99;Ətirlər
1170259;Bədən üçün losyon Victoria's Secret Bare Vanilla Classic, 236 ml;34.98;Bədən üçün krem, süd, losyon
1045604;Bədən üçün sprey Victoria's Secret Body Mist Velvet Petals 250 ml;31.96;Bədən üçün sprey
900760;Vertikal tozsoran Sokany SK-13020;139;Vertikal tozsoranlar
519451;Armaf Club de Nuit Urban Man kişilər üçün ətir suyu 105 ml;57.44;Ətirlər
450537;Salvatore Ferragamo Incanto Shine qadınlar üçün tualet suyu 50 ml.;40.9;Ətirlər
334079;Üz üçün krem COSRX Hyaluronic Acid Intensive Cream 100 ml;ноя.65;Üz kremi
940645;Üz üçün toner Round Lab 1025 Dokdo 500ml.;38.95;Üz toneri
1249592;Mikser RAF R.6606;194.99;Mikserlər
1744477;Üz kremi Cosrx Hyaluronic Acid Intensive Cream nəmləndirici, yumşaldıcı, hamarlaşdırıcı, sakitləşdirici 100 ml - brandno0000009;17.45;Üz kremi
871036;Prada Paradoxe Intense qadınlar üçün ətir suyu 90 ml;279;Ətirlər
1204223;Uşaqlar üçün şişmə hovuz Intex 150TX59460T100, rəngbərəng, 122x122x25 sm, 150 l + top + üzmə üçün dairə + 100 ədəd top hədiyyə;55;Hovuzlar
1502389;Elektrik qril RAF R.535;139.89;Qril, barbekyu və manqallar
193496;Lancome La Vie Est Belle qadınlar üçün ətir suyu 75 ml;179;Ətirlər
1414794;Ətçəkən maşın Blackbird BMG-8808 White;259.57;Ətçəkən maşın
434921;Dior Sauvage Elixir kişilər üçün ətir suyu 60 ml;274;Ətirlər
1391209;Mətbəx kombaynı RAF.R7612;49.58;Mətbəx kombaynları və doğrayıcılar
668095;Parfums de Marly Pegasus kişilər üçün ətir suyu, 75 ml;299;Ətirlər
364240;Hədiyyəlik dəst Victoria's Secret Love Spell 75 ml;28.79;Qulluğ üçün kosmetika dəsti
1359349;Blender RAF R.356;23.39;Blenderlər
385823;Konsiler Tarte Cosmetics Shape Tape 8B Porcelain Beige 10 ml;72;Üz üçün korrektor, konsiler
451491;Victoria's Secret Bombshell Oud qadınlar üçün ətir suyu 100 ml;199;Ətirlər
58986;Ütü Sokany LX-298;34;Ütülər və buxar generatorları
1007040;Lattafa Perfumes ətir dəsti (Lattafa Perfumes Khamrah 100 ml + Lattafa Perfumes Asad 100 ml);124.78;Ətir dəstləri
1793273;Lattafa Teriaq Intense kişilər üçün ətir suyu 100 ml;108.12;Ətirlər
738570;Rue Broca Pride My Oud kişilər üçün ətir suyu 100 ml;23.13;Ətirlər
673777;No Brand The Majestic Vetiver uniseks ətir suyu 100 ml;142.18;Ətirlər
822676;Simsiz vertikal tozsoran Hausberg HB-2029AB;134.98;Vertikal tozsoranlar
1608709;Blender Raf R.3026, Black;41.74;Blenderlər
1590356;Rue Broca League Arena Extrait De Parfum kişilər üçün 100 ml;63;Ətirlər
900746;Aerofritür Sokany SK-10041;174.95;Airfryer və Fritozlar
1542499;Serum üz üçün SKIN1004 Madagascar Centella Probio-Cica Intensive Ampoule 95 ml;58.94;Serumlar və zərdablar
413287;Yves Saint Laurent Libre Le Parfum qadınlar üçün ətir suyu 90 ml;185;Ətirlər
393136;Buterbrod cihazı Hausberg HB-3510 NG;45;Sendviç cihazı
300982;Marina De Bourbon Cristal Royal Passion qadınlar üçün ətir suyu 30 ml;99.22;Ətirlər
1470692;Vertikal tozsoran Tiffany TF-1706;100;Vertikal tozsoranlar
304015;Chloe Nomade qadınlar üçün ətir suyu 75 ml;200;Ətirlər
437217;Dior Addict qadınlar üçün ətir suyu 50 ml;200;Ətirlər
300835;Xerjoff Casamorati 1888 Gran Ballo qadınlar üçün ətir suyu 100 ml;459;Ətirlər
388748;Bədən üçün sprey Victoria's Secret Bare Vanilla 250 ml;24.48;Bədən üçün sprey
963431;Fragrance World Toomford kişilər üçün ətir suyu 100 ml;23.июл;Ətirlər
1917097;Makiyaj üçün sabitləşdirici sprey Mery Key, 160 ml;авг.48;Makiyaj üçün baza
437333;Fritür Sokany WJ-804;56.47;Airfryer və Fritozlar
219378;Mezoroller üz və bədən üçün DRS Derma Roller, 540 iynəli (6902540752361);фев.47;Üz üçün aksessuarlar və masajorlar
429636;Fritür RAF R.5299;69;Airfryer və Fritozlar
1003515;Ətçəkən Galaksi GMG-008;77.97;Ətçəkən maşın
336533;Oyuncaq səbəti TRF-1096 Şir, 30х50 sm;13.27;Oyuncaqlar üçün səbətlər və qutular
432841;Mikser RAF R.6664;25;Mikserlər
893370;Stasionar blender Hausberg HB-7770;58.62;Blenderlər
1427686;Buz generatoru RAF R.0307;170.09;Dondurucu kameralar
231109;Givenchy L'Interdit qadınlar üçün ətir suyu 80 ml;198.4;Ətirlər
251424;Lattafa Perfumes Ajwad uniseks ətir suyu 60 ml;80;Ətirlər
893006;Paco Rabanne Invictus kişilər üçün ətir suyu 100 ml;199;Ətirlər
198387;Blender Sokany SK-748;35;Blenderlər
892080;Gucci Flora Gorgeous Jasmine qadınlar üçün ətir suyu, 50 ml;159;Ətirlər
878473;Şirəçəkən Hoffmans HM-680;250;Şirəçəkənlər
1129183;Tozsoran Blackbird BVC-3373;199.96;Adi tozsoranlar
198530;Buxar generatorlu ütü Sokany SK-188;119.98;Ütülər və buxar generatorları
571983;Tom Ford Tubereuse Nue ətir suyu uniseks 100 ml;837.39;Ətirlər
695058;Jean Paul Gaultier Scandal Le Parfum qadınlar üçün ətir 80 ml;250;Ətirlər
1812467;Adi tozsoran 3200W, güclü sorma, avtomatik kabel çarxı, yuyulan və təkrar istifadə edilə bilən çanta daxil - TW-RZR8701G;148;Adi tozsoranlar
1324782;Tozsoran Galaksi GVC-7018_KK;98.99;Adi tozsoranlar
695016;Jean Paul Gaultier So Scandal! qadınlar üçün ətir suyu, 80 ml;229;Ətirlər
230927;Narciso Rodriguez Poudree qadınlar üçün ətir suyu 90 ml;149;Ətirlər
1295572;Bədən üçün sprey Victorias Secret Velvet Petals, 250 ml;17.96;Bədən üçün sprey
385826;Konsiler Tarte Cosmetics Shape Tape 37G Medium-Tan Golden 10 ml;42.98;Üz üçün korrektor, konsiler
301573;Tom Ford Tuscan Leather uniseks ətir suyu 50 ml;444.31;Ətirlər
1163526;Hovuz Intex 26712, karkas, ölçü 366x76 sm, tutum 6503 l;599.99;Hovuzlar
966520;Fragrance World Royal Blend Nero French Avenue uniseks Extrait De Parfum 100 ml;70;Ətirlər
1224842;Karkaslı hovuz Intex Ultra XTR 26374, boz, 975x488x132 sm, 54368 l;3042.65;Hovuzlar
231111;Givenchy L'Interdit Intense qadınlar üçün ətir suyu 80 ml;235;Ətirlər
801413;Elektrik çaydan Elif EL-637;21.май;Elektrik çaydanlar və termopotlar
237977;Shiseido Zen qadınlar üçün ətir suyu 50 ml;78.61;Ətirlər
195894;Ajmal Amber Wood uniseks ətir suyu 100 ml;199;Ətirlər
246811;Versace Eros kişilər üçün ətir suyu, 100 ml;99;Ətirlər
251378;Giorgio Armani My Way qadınlar üçün ətir suyu 90 ml;199;Ətirlər
1516139;Fləş kart I-Flashdevice 4 in 1 32 GB;40;USB fləş kartlar
315897;Burberry My Burberry qadınlar üçün ətir suyu 90 ml;149;Ətirlər
197036;Montblanc Starwalker kişilər üçün tualet suyu 75 ml;99;Ətirlər
519443;Armaf Momento Fleur qadınlar üçün ətir suyu 100 ml;43;Ətirlər
446403;Blender Hausberg HB-7765;71.48;Blenderlər
1204225;Uşaqlar üçün şişmə hovuz Intex 150TX59460T150, rəngbərəng, 122x122x25 sm, 150 l + top + üzmə üçün dairə + 150 ədəd top hədiyyə;32.18;Hovuzlar
757806;Alhambra ətir dəsti (L'intrude 100 ml + Toro pour Homme 100 ml);43.35;Ətir dəstləri
52298;Meyvə və tərəvəz üçün quruducu Hausberg HB-1150;103.46;Meyvə və tərəvəz qurudan
1274367;No Brand Gatier La Panter uniseks ətir suyu 100 ml;34.39;Ətirlər
1094253;Salınma blenderi Sokany SK-02013;28;Blenderlər
475156;Elektrik çaydan Moulinex BJ2021TR;180.38;Elektrik çaydanlar və termopotlar
1447826;Opio Noir Red Dose ətir suyu qadınlar üçün, 100 ml;45;Ətirlər
588322;Saç üçün düzləşdirici Sokany HS-992;42.98;Saç üçün düzləşdiricilər, ütülər
445126;Avon Little Black Dress qadınlar üçün ətir suyu 50 ml;17.47;Ətirlər
670007;Tiffany&Co. qadınlar üçün ətir suyu 75 ml;222.88;Ətirlər
812162;Montblanc Explorer Platinum kişilər üçün ətir suyu 100 ml;92.47;Ətirlər
1819040;Kirpiklər üçün tuş Essence Lash Princess False Lash Effect, 12 ml;май.98;Kirpiklər üçün tuş
321399;Toster Sokany SK-034;48.33;Tosterlər
1204227;Uşaqlar üçün şişmə hovuz Intex 248TX59431, rəngbərəng, 132x132x28 sm, 248 l;24.66;Hovuzlar
196999;Montblanc Explorer kişilər üçün ətir suyu 60 ml;88.98;Ətirlər
299186;Roberto Cavalli Uomo kişilər üçün tualet suyu 100 ml;99.52;Ətirlər
1633351;No Brand Eclat qadınlar üçün ətir suyu 100 ml;29.98;Ətirlər
299150;Hermes Eau de Rhubarbe Ecarlate uniseks odekolon 100 ml;381.79;Ətirlər
196424;Alexandre.J The Majestic Vanilla uniseks ətir suyu 100 ml (3701278600899);171.19;Ətirlər
777749;Fragrance World Des Tentations Flame uniseks ətir suyu 100 ml;19.78;Ətirlər
1204204;Uşaqlar üçün şişmə hovuz Intex 56TX58427, rəngbərəng, 86x86x25 sm, 56 l;40.49;Hovuzlar
122951;Elektrik çaydan Eurolux EU-EK2820TSM;39.1;Elektrik çaydanlar və termopotlar
193560;Yves Saint Laurent Mon Paris Intensement qadınlar üçün ətir suyu 90 ml;207.91;Ətirlər
261709;Blender Bosch Smoothie Mixx MMB21POR;145.05;Blenderlər
1324784;Tozsoran Galaksi GVC-7058 KK;97.98;Adi tozsoranlar
230960;Xerjoff Casamorati 1888 Regio uniseks ətir suyu 100 ml;313.01;Ətirlər
1714863;Mikser Sokany SK-05014;449.98;Mikserlər
965256;Əl şirəçəkən 488 Green;15.99;Əl şirəsıxanları
1694011;Universal doğrayıcı Sokany SK-06028;27.91;Mətbəx kombaynları və doğrayıcılar
1721184;Vafli cihazı Sokany SK-08074;24;Blinçik və Vafli bişirən aparat
473906;Fen Enzo EN-6002;185;Fenlər
498360;Elektrik qril Sonifer SF-6074;28.июн;Qril, barbekyu və manqallar
776185;Fragrance World Decosta Noir 20 ətir suyu kişilər üçün 100 ml;19.87;Ətirlər
1688204;No Brand Mrs Way qadınlar üçün ətir dəsti ( duş geli 150 ml + bədən üçün losyon 150 ml + ətir suyu + bədən üçün sprey + ətir nümunəsi);45;Ətir dəstləri
858420;Ütü Sokany LX-288 GRN;25.68;Ütülər və buxar generatorları
202150;Epilyator Alizz HC 301;26.14;Qadın epilyatorları və elektrik ülgücləri
100719;Emper Memories qadınlar üçün ətir suyu 100 ml;28;Ətirlər
1688153;No Brand Blue de Challenge kişilər üçün ətir dəsti ( duş geli 150 ml + təraş sonrası balzam 150 ml + ətir suyu + bədən üçün sprey + ətir nümunəsi);45;Ətir dəstləri
304931;Elektrik çaydan Moulinex BJ2021.;191.79;Elektrik çaydanlar və termopotlar
871774;Blender Euro Wolf EF-8002;29;Blenderlər
251386;Rasasi Rumz Al Rasasi 9325 Pour Elle qadınlar üçün ətir suyu 50 ml;57.72;Ətirlər
1845835;Aerofritür Sokany SK-10102;195;Airfryer və Fritozlar
500639;Armaf Purple Amethyst qadınlar üçün ətir suyu 90 ml;52.52;Ətirlər
193559;Yves Saint Laurent Mon Paris Intensement qadınlar üçün ətir suyu 50 ml;169.42;Ətirlər
1204219;Uşaqlar üçün şişmə hovuz Intex 156TX59416T150, mavi, 114x114x25 sm, 156 l + 150 ədəd top hədiyyə;32.2;Hovuzlar
519458;Flavia Nouveau Ambre EdP ətir suyu 100 ml;31.86;Ətirlər
1204230;Uşaqlar üçün şişmə hovuz Intex 248TX59431T100, rəngbərəng, 132x132x28 sm, 248 l + 100 ədəd top hədiyyə;33.87;Hovuzlar
382645;Alhambra Baroque Rouge Extrait kişilər üçün ətir suyu 100 ml;20.15;Ətirlər
1431222;Termopot Cronier CR-1591 6.8L;72;Elektrik çaydanlar və termopotlar
123881;Alhambra La Vita qadınlar üçün ətir suyu 100 ml;20.июл;Ətirlər
438410;Alexandre.J The Majestic Musk uniseks ətir suyu 100 ml;115.9;Ətirlər
1163461;Uşaqlar üçün şişmə hovuz Piramida 58427, 86x25 sm, tutumu 56 l;45;Hovuzlar
1160782;Uşaqlar üçün şişmə hovuz Intex 59416, dairəvi, 114x25 sm, 156 l;55;Hovuzlar
995675;Saç üçün düzləşdirici Braun 5599;24.67;Saç üçün düzləşdiricilər, ütülər
1160769;Şişmə hovuz Intex Play Center 57106, PVC, rəngbərəng, 61x61x22 sm, 28 l;45;Hovuzlar
1555336;Simsiz qulaqlıq Wireless VJ011;27;Qulaqlıqlar və qarniturlar
873610;Prima Redrogez qadınlar üçün ətir suyu 100 ml;26.95;Ətirlər
1204187;Uşaqlar üçün şişmə hovuz Intex 57TX57100B, mavi, 85x85x23 sm, 57 l;45;Hovuzlar
198535;Ütü Sokany 8877A;35.98;Ütülər və buxar generatorları
438415;Brioni Intense kişilər üçün ətir suyu, 60 ml;76.47;Ətirlər
308457;Karkaslı hovuz Intex 26356;2539.99;Hovuzlar
1222080;Karkaslı hovuz Intex 6503TX26712NC, 6503 l, 366x366x76 sm, boz;591.41;Hovuzlar
111470;Kondisioner AUX ASW-H12A4/FFR1/ASW-H12A4/R1 White (2200000147721) Kondisioner;650;Kondisionerlər
1849439;Barcrat Rouge 540 ətir dəsti;45;Ətir dəstləri
1431218;Termopot Cronier CR-1589, 4.8 l;80.99;Elektrik çaydanlar və termopotlar
1487763;No Brand Light Blue tualet suyu qadınlar üçün 100 ml;49.5;Ətirlər
1204182;Uşaqlar üçün şişmə hovuz Intex 57TX57100PT100, çəhrayı, 85x85x23 sm, 57 l + 100 ədəd top hədiyyə;33.01;Hovuzlar
1033154;No Brand Rovena Freight kişilər üçün ətir suyu 100 ml.;35.06;Ətirlər
649795;Calvin Klein Euphoria qadınlar üçün ətir suyu 30 ml;40.25;Ətirlər
519457;Flavia Unisex Initial EDP ətir suyu 100 ml;31.48;Ətirlər
1160791;Şişmə hovuz Intex, 132x28 sm, Vinil, Dairəvi, 248 L, 2 yaşdan yuxarı uşaqlar üçün - ezzy_Intex 59431;55;Hovuzlar
46487;Şişmə hovuz Intex 57100, 86х86х25 sm;36;Hovuzlar
627745;Elektrik çaydan DSP KK-1143;42.98;Elektrik çaydanlar və termopotlar
245365;Lanvin L'Homme kişilər üçün tualet suyu 100 ml;65;Ətirlər
688375;Elektrik çaydan Dessini DS-19SS;34.12;Elektrik çaydanlar və termopotlar
1279893;Lattafa Teriaq Intense Extrait De Parfum uniseks 100 ml;50;Ətirlər
196405;Ajmal Renata qadınlar üçün ətir suyu 75 ml;49.48;Ətirlər
292703;Attar Collection Rosa Galore qadınlar üçün ətir suyu 100 ml;128.02;Ətirlər
292706;Carolina Herrera 212 NYC qadınlar üçün tualet suyu 60 ml;104.1;Ətirlər
437215;Roberto Cavalli Eau de Parfum qadınlar üçün ətir suyu 30 ml;70.18;Ətirlər
191313;Elektrik çaydan Moulinex BJ2021;180.23;Elektrik çaydanlar və termopotlar
1069542;Prima Adventus VIP ətir suyu kişilər üçün 100 ml;67.58;Ətirlər
1795076;Girl Sexy Scandal qadınlar üçün ətir dəsti;29;Ətir dəstləri
475665;Victoria's Secret Bare Vanilla qadınlar üçün ətir dəsti (bədən üçün losyon 75 ml + bədən üçün sprey 75 ml);53.86;Ətir dəstləri
442513;Bentley Infinite kişilər üçün tualet suyu 60 ml;52.18;Ətirlər
935977;Xerjoff Wardasina uniseks ətir suyu 100 ml;525.75;Ətirlər
518449;Planetar mikser Sokany SK-623;347;Mikserlər
428511;Elektrik samovar Korkmaz A843-02 Rosegold;248.15;Elektrik çaydanlar və termopotlar
742470;Ətçəkən Blackbird BMG-8813 Black;192.84;Ətçəkən maşın
687445;Buxar döşəmə təmizləyicisi DSP KD-2029;159.28;Buxar döşəmə təmizləyiciləri
442507;Bentley Beyond The Collection Rich Pimento ətir suyu hamı üçün 100 ml;134.98;Ətirlər
1266758;Victoria's Secret Bombshell St. Tropez qadınlar üçün ətir suyu 100 ml;108;Ətirlər
639984;Tozsoran Sonifer SF-2235;124.25;Adi tozsoranlar
229712;Elektrik samovar Eurolux EU-ES 2856JBR;158.41;Elektrik çaydanlar və termopotlar
299152;Hermes Eau de Citron Noir uniseks odekolon 100 ml;155;Ətirlər
1784393;Brendsiz Teriaq Intense Unisex Eau de Parfum, 100 ml.;48;Ətirlər
492461;Termopot Galaksi Electronics GAP-009;45.98;Elektrik çaydanlar və termopotlar
587406;Buz doğrayıcı Ariete 0076/00, qırmızı;225.73;Digər mətbəx texnikası
1222081;Karkaslı hovuz Intex 6503TX26712Q4, 6503 l, 366x366x76 sm, boz;440.91;Hovuzlar
1153921;Doğrayıcı Blackbird BMG-3859;50;Mətbəx kombaynları və doğrayıcılar
195896;Ajmal Ambre Pimente uniseks ətir suyu 100 ml;55;Ətirlər
844339;Avtomobil üçün telefon tutacağı SS277;3;Portativ qurğular üçün altlıq-tutacaq
254001;Chanel Chance qadınlar üçün ətir suyu 100 ml;249;Ətirlər
1918199;Lattafa Teriaq Intense uniseks ətir suyu;49.64;Ətirlər
438440;Dior Hypnotic Poison qadınlar üçün ətir suyu, 100 ml;249;Ətirlər
1455677;Qızdırıcı ventilyator Sovio FH-103A kalorifer - FenExSovioFH103A;34.99;Qızdırıcı ventilyatorlar
768073;Ütü RAF R.1107;30;Ütülər və buxar generatorları
397332;Tom Ford Ombre Leather uniseks ətir suyu 100 ml;299;Ətirlər
517369;Gucci Rush qadınlar üçün tualet suyu 75 ml;119;Ətirlər
292695;Shiseido Zen qadınlar üçün ətir suyu, 100 ml;135;Ətirlər
1023947;Haylayter Rare Beauty Positive Light, çalar Enlighten, 2.5 ml;68.54;Xaylayter və oxşar vasitələr
387168;Mikser RAF R.6629;25;Mikserlər
1788422;Üz və bədən üçün kosmetika dəsti kişilər üçün (Ülgüc Twin Pack 2 əd + Təraş köpüyü 200 ml + duş geli 3-1-də Protect&Care 250 ml + dezodorant 48 saat qoruma 150 ml + təraş sonrası losyon Ultra 100 ml + krem-sabun);65;Kişilər üçün qulluğ dəstləri
209125;Yves Saint Laurent Black Opium qadınlar üçün ətir suyu 30 ml;99;Ətirlər
489168;Adapter TP-Link Modem;авг.92;Digər şəbəkə avadanlığı və aksessuarlar
1632006;Dondurucu şkaf Silver BD 150-148;734.98;Dondurucu kameralar
518743;Blender Hoffmans HM-126;85;Blenderlər
443292;Trimmer Sokany SK-315;июл.68;Saç qırxan maşın
193515;Narciso Rodriguez Poudree qadınlar üçün ətir suyu 50 ml;119;Ətirlər
519446;Estiara Luxe Flair Edp qadınlar üçün ətir suyu 100 ml;42.29;Ətirlər
34639;Trussardi 2011 Uomo kişilər üçün tualet suyu 100 ml;120;Ətirlər
451489;Tom Ford Velvet Orchid qadınlar üçün ətir suyu 50 ml;200;Ətirlər
225152;Vertikal tozsoran Hausberg HB-2025;66;Vertikal tozsoranlar
451550;Yves Saint Laurent Libre Le Parfum qadınlar üçün ətir suyu 50 ml;149;Ətirlər
117287;Ütü Sokany LX-288;65;Ütülər və buxar generatorları
432885;Jean Paul Gaultier Scandal qadınlar üçün ətir suyu 80 ml;199;Ətirlər
247871;Lacoste Pour Femme qadınlar üçün ətir suyu 50 ml;100.38;Ətirlər
519453;Armaf Voyage Bleu kişilər üçün ətir suyu 100 ml;48;Ətirlər
655795;Dodaq yağı Rare Beauty Soft Pinch Tinted Lip Oil Joy, 3 ml;19.54;Maye dodaq boyası
1649595;Blender RAF R.303 White;26.22;Blenderlər
1154143;Trusarci Uomo ətir kişilər üçün 100 ml;окт.98;Ətirlər
435527;Hermes Terre d'Hermes kişilər üçün ətir suyu 75 ml;204;Ətirlər
396875;Victoria's Secret Bombshell qadınlar üçün ətir suyu, 50 ml;99;Ətirlər
572837;Armaf Club De Nuit Blue Iconic Eau De Parfum kişilər üçün ətir suyu 105 ml;70;Ətirlər
1098524;Qəhvə maşını Sokany SK-04010;219.98;Qəhvəbişirənlər, qəhvə maşınları
1283366;Fritür RAF R.5224;83.29;Airfryer və Fritozlar
651772;Mikser RAF R.6673;183;Mikserlər
209126;Yves Saint Laurent Black Opium qadınlar üçün ətir suyu 50 ml;199;Ətirlər
1086878;Bədən üçün kosmetika dəsti Victoria's Secret Coconut Milk & Rose Calm (bədən losyonu 75 ml + bədən spreyi 75 ml);52.99;Qulluğ üçün kosmetika dəsti
1408940;Qızdırıcı Uğur Sunset IRF-2500-02;68.59;İnfraqırmızı və katalitik qızdırıcılar
197004;Yves Saint Laurent L'Homme Le Parfum kişilər üçün ətir suyu 60 ml;170.74;Ətirlər
474748;Fragrance World Rose Seduction Secret qadınlar üçün ətir suyu 100 ml;25;Ətirlər
501919;Şirəçəkən RAF R.623B;50;Şirəçəkənlər
343658;Davamlı tonal krem Estee Lauder Double Wear 2W0 30 ml;70.18;Tonal krem
517365;Carolina Herrera 212 Nyc qadınlar üçün tualet suyu 100 ml;120.18;Ətirlər
481771;Narciso Rodriguez For Her qadınlar üçün ətir suyu 100 ml;160;Ətirlər
254448;Tozsoran Galaksi GVC-003;66.98;Adi tozsoranlar
1204214;Uşaqlar üçün şişmə hovuz Intex 156TX59416, mavi, 114x114x25 sm, 156 l;39.59;Hovuzlar
1007046;Emper kişilər üçün ətir dəsti (Emper Epic Adventure 100 ml + Emper Epic Adventure 100 ml);60;Ətir dəstləri
1222088;Karkaslı hovuz Intex 8592TX26716Q4, 366x366x99 sm, 8592 l, boz;694.38;Hovuzlar
1120186;Elektrik çaydan Sokany SK-09013 Black/Silver;25;Elektrik çaydanlar və termopotlar
913290;Mikrodalğalı soba Sokany SK-10017;259.21;Mikrodalğalı sobalar
225144;Qəhvəbişirən Hausberg HB-3800AB;75.71;Qəhvəbişirənlər, qəhvə maşınları
1082089;Blender Cronier CR-1114;61.18;Blenderlər
1505017;Blender RAF R.3017;26.89;Blenderlər
822904;Saç üçün düzləşdirici Sonifer SF-9575;22.48;Saç üçün düzləşdiricilər, ütülər
423577;Tozsoran Hausberg HB-2004 Violet;95.37;Adi tozsoranlar
451479;Moschino Toy 2 Bubble Gum qadınlar üçün tualet suyu 50 ml;77;Ətirlər
1396732;Fen-fırça Pro Braun Salon BR-3312 3-in-1;27.49;Fenlər
723534;Prada La Femme Prada qadınlar üçün ətir suyu 100 ml;241.5;Ətirlər
100827;Alhambra Kismet qadınlar üçün ətir suyu 100 ml;45;Ətirlər
193495;Lancome La Vie Est Belle qadınlar üçün ətir suyu 50 ml;169;Ətirlər
557133;Stasionar blender RAF R.2822W;38.41;Blenderlər
451554;Valentino Uomo Born In Roma kişilər üçün tualet suyu 100 ml;169;Ətirlər
667756;Prada Paradoxe qadınlar üçün ətir suyu 90 ml;229;Ətirlər
500616;Robot tozsoran Hausberg HB3005;235;Robot tozsoranlar
1035233;Ütü Haley HY-259;36.72;Ütülər və buxar generatorları
1477981;No brand Teriaq Intense, uniseks ətir suyu, 100 ml;40.88;Ətirlər
59688;Ütü Goldmaster MaxiPress GM-7613G;85;Ütülər və buxar generatorları
33827;Təraş sonrası losyon Trussardi Uomo 100 ml;101.61;Təraşdan sonra kosmetika
1806133;Tripod telefon üçün 63383320;5;Monopodlar və selfi çubuqları
438527;Elektrik qril Sokany KJ-208;107.99;Qril, barbekyu və manqallar
222551;Elie Saab Le Parfum qadınlar üçün ətir suyu, 50 ml;129;Ətirlər
1007044;Lattafa Perfumes kişilər üçün ətir dəsti (Lattafa Perfumes Asad ətir suyu 100 ml + Emper Epic Adventure tualet suyu 100 ml);72.89;Ətir dəstləri
937369;Gucci Flora Gorgeous Jasmine qadınlar üçün ətir suyu 30 ml;109;Ətirlər
450181;Yves Saint Laurent Y kişilər üçün tualet suyu 100 ml;212.12;Ətirlər
297925;Uşaq üçün şişmə hovuz Intex 57100 85х85х23 sm, 57 l, 1 yaşdan 3 yaşa qədər, məhsul çeşiddə;40;Hovuzlar
193509;Narciso Rodriguez Pure Musc For Her qadınlar üçün ətir suyu 50 ml;119;Ətirlər
1452897;Elektrikli samovar Haley HY-8965;139.66;Elektrik çaydanlar və termopotlar
1102440;Saç üçün şampun The Ceel Roseamary 250 ml;25;Şampun
432853;Fritür RAF R.5219;80;Airfryer və Fritozlar
596994;Mikser Sonifer SF-SF-7016;145.35;Mikserlər
451548;Xerjoff Join The Club More Than Words ətir suyu hamı üçün 50 ml;300;Ətirlər
339767;Lattafa Perfumes 24 Carat Pure Gold uniseks ətir suyu 100 ml;25.янв;Ətirlər
1399963;No Brand Gucci Eau de Parfum II qadınlar üçün ətir suyu 75 ml;67.5;Ətirlər
315895;Yves Saint Laurent Libre Intense qadınlar üçün ətir suyu 90 ml;249;Ətirlər
1236578;Valentino Uomo Born In Roma Intense ətir suyu kişilər üçün 100 ml;229.4;Ətirlər
341452;Blender DSP KM-1091;36.68;Blenderlər
715627;Fragrance World Perfumes Versus Ocean Blue ətir suyu kişilər üçün 100 ml;25;Ətirlər
240490;Carolina Herrera 212 VIP qadınlar üçün ətir suyu 80 ml;170;Ətirlər
1615648;Tozsoran RAF R.8702 Red/Black;154.94;Adi tozsoranlar
94596;Emper Memories kişilər üçün tualet suyu 100 ml;24.48;Ətirlər
883620;Hugo Boss Boss Bottled kişilər üçün tualet suyu 50 ml;84.54;Ətirlər
260762;Initio Parfums Prives Oud for Greatness uniseks ətir suyu 90 ml;212.5;Ətirlər
1223190;Qəhvəbişirən Hausberg HB-3710;139.86;Qəhvəbişirənlər, qəhvə maşınları
451477;Lancome Idole Le Parfum qadınlar üçün ətir suyu 100 ml;195;Ətirlər
304010;Burberry My Burberry qadınlar üçün ətir suyu 30 ml;139;Ətirlər
450518;Dolce & Gabbana The Only One qadınlar üçün ətir suyu 50 ml;115.89;Ətirlər
239557;Xerjoff More Than Words uniseks ətir suyu 100 ml;455.35;Ətirlər
306362;Gucci Bloom qadınlar üçün ətir suyu ,100 ml;200;Ətirlər
1606324;Mikser RAF R6640;32.39;Mikserlər
429038;Givenchy L'Interdit Rouge qadınlar üçün ətir suyu 50 ml;251.8;Ətirlər
330073;Roberto Cavalli Eau de Parfum qadınlar üçün ətir suyu 50 ml;111;Ətirlər
490178;La Parfum Galleria Narciss Eau De Parfum Poudree qadınlar üçün ətir suyu 100 ml;39.15;Ətirlər
230926;Narciso Rodriguez Narciso Ambree qadınlar üçün ətir suyu 90 ml;149;Ətirlər
886984;Elektrik çaydan Cronier CR-1515 Black;34.99;Elektrik çaydanlar və termopotlar
1204164;Uşaqlar üçün şişmə hovuz Intex 28TX57106T50, rəngbərəng, 61x22 sm, 28 l + 50 ədəd top hədiyyə;28.39;Hovuzlar
938012;Gucci Flora Gorgeous Magnolia qadınlar üçün ətir suyu 50 ml;179;Ətirlər
346374;Gucci Flora qadınlar üçün ətir suyu 75 ml;199;Ətirlər
292719;Armaf Club de Nuit Sillage uniseks ətir suyu 105 ml;70;Ətirlər
634547;Blender RAF R.291;38.49;Blenderlər
614198;Elie Saab Le Parfum qadınlar üçün ətir suyu 50 ml;99;Ətirlər
194714;Montale Intense Cafe uniseks ətir suyu 100 ml;130;Ətirlər
374606;Alexandre.J The Majestic Vetiver uniseks ətir suyu 100 ml;117.68;Ətirlər
1022364;Valentino Uomo Intense ətir suyu kişilər üçün, 100 ml;239;Ətirlər
1154027;No Brand Sauvage kişilər üçün ətir suyu 100 ml;окт.48;Ətirlər
238654;Elie Saab Le Parfum qadınlar üçün ətir suyu 90 ml.;119;Ətirlər
1204206;Uşaqlar üçün şişmə hovuz Intex 56TX58427T50, rəngbərəng, 86x86x25 sm, 56 l + 50 ədəd top hədiyyə;24.84;Hovuzlar
1434552;Qəhvə üyüdən RAF R.7113 + Saxlama qabı hədiyyə;17.99;Qəhvə üyüdən
1204221;Uşaqlar üçün şişmə hovuz Intex 150TX59460, rəngbərəng, 122x122x25 sm, 150 l + top + üzmə üçün dairə;23.фев;Hovuzlar
490179;La Parfum Galleria Arba Pora qadınlar üçün ətir suyu 100 ml;41.1;Ətirlər
1575215;Şampun DP Daily Perfection duzsuz və qara zirə yağı ilə, 800 ml;дек.88;Şampun
900748;Aerofritür Sokany SK-10045;128.72;Airfryer və Fritozlar
472037;Elektrik manqal Sokany SK-6113;93.1;Qril, barbekyu və manqallar
1780396;Tuş kirpiklər üçün Essence Lash Princess qara 12 ml;авг.93;Kirpiklər üçün tuş
774892;Aerofritür Sokany SK-10014;89.88;Airfryer və Fritozlar
830295;Şirəçəkən Sokany SK-01004;137.03;Şirəçəkənlər
1201205;Şişmə hovuz Intex NP 28110, 244x76 sm, 2419 l;89.68;Hovuzlar
1702292;Universal doğrayıcı Sokany SK-06026;42.94;Mətbəx kombaynları və doğrayıcılar
1211807;Toster Boma BM-016S;28.99;Tosterlər
1204211;Uşaqlar üçün şişmə hovuz Intex 56TX58427T100, rəngbərəng, 86x86x25 sm, 56 l + 100 ədəd top hədiyyə;29.34;Hovuzlar
262430;Elektrik qril Sokany KJ-210;84;Qril, barbekyu və manqallar
1122754;Mikser Starlux SL-25202;18.сен;Mikserlər
1204154;Uşaqlar üçün şişmə Intex 28TX57107T50, rəngbərəng, 61x22 sm, 28 l + 50 ədəd top hədiyyə;20.33;Hovuzlar
913289;Mikrodalğalı soba Sokany SK-441;780;Mikrodalğalı sobalar
1129825;Epilyator Lexical LX-5550;45.88;Qadın epilyatorları və elektrik ülgücləri
1152076;Tiftik təmizləyən maşın Sokany SK-12005 White;14;Geyimdən tiftik təmizləyən maşınlar
437240;Armaf Club De Nuit Milestone uniseks ətir suyu 105 ml;65;Ətirlər
230888;Salvatore Ferragamo F by Ferragamo Pour Homme kişilər üçün tualet suyu 30 ml;56.12;Ətirlər
850941;Döyənəklərin aradan qaldırılması üçün cihaz Callus Remover D-600;15.98;Mexaniki manikür və pedikür cihazları
1567111;Tozsoran RAF R.8755 Boz/Qara;176;Adi tozsoranlar
557831;Yves Saint Laurent L'Homme kişilər üçün ətir suyu, 100 ml;232.49;Ətirlər
895668;Şişmə hovu Intex 57100, çəhrayı;46.88;Hovuzlar
692190;Blender Hoffmans HM-1268;71.89;Blenderlər
388435;Doğrayıcı Prestige PR-5420;27.67;Mətbəx kombaynları və doğrayıcılar
238847;Attar Collection The Persian Gold uniseks ətir suyu 100 ml;126.5;Ətirlər
1070902;Prima Good Girl VIP ətir suyu qadınlar üçün 100 ml;34.16;Ətirlər
230905;Dolce & Gabbana The Only One qadınlar üçün ətir suyu, 30 ml;107.72;Ətirlər
442509;Bentley Beyond The Collection Wild Vetiver ətir suyu hamı üçün 100 ml;111.86;Ətirlər
301038;Mawaz Manzor Fleur De Nuit uniseks ətir suyu 100 ml;102.6;Ətirlər
974528;L'Evidence Yves Rocher ətir suyu qadınlar üçün, 100 ml;93.5;Ətirlər
1129764;Şirəçəkən Sokany SK-01009;148.34;Şirəçəkənlər
1487784;No Brand Y ətir suyu kişilər üçün, 100 ml;49.49;Ətirlər
1858437;No Brand Barcrat qadınlar üçün ətir dəsti, 4x30 ml;38.98;Ətir dəstləri
1377544;No Brand Ətir dəsti uniseks Barcrat 30x4 ml;21.98;Ətir dəstləri
1221697;Kişilər üçün ətir dəsti Mystical 1 4 ədəd 30ml ətir;19.94;Ətir dəstləri
251208;Givenchy Gentleman kişilər üçün ətir suyu, 100 ml;71.98;Ətirlər
1399950;No Brand Victoria Secret Bombshell qadınlar üçün ətir suyu 50 ml;55;Ətirlər
442506;Bentley Beyond The Collection Radiant Osmanthus ətir suyu hamı üçün 100 ml;104.9;Ətirlər
1301203;Mikrodalğalı soba Luxell HM23-01S_RB;178.38;Mikrodalğalı sobalar
1388036;Cronier CR-829RAX006 Elektrikli Təraş Maşını;49.24;Saç qırxan maşın
382198;Elektrik ülgüc Cronier CR-829;46.1;Kişi elektrik ülgücləri
1089833;Armaf Niche Bucephalus XV uniseks ətir suyu 100 ml;69.9;Ətirlər
299138;By Kilian Angels' Share uniseks ətir suyu 50 ml;399;Ətirlər
1222077;Karkaslı hovuz Intex 6503TX26712N, 6503 l, 366x366x76 sm, boz;562.39;Hovuzlar
195930;Tiziana Terenzi Kirke uniseks parfüm 100 ml;199;Ətirlər
401148;Saç üçün stayler Dyson Airwrap Complete Long HS05 Nickel/Copper;1088;Saç üçün staylerlər və maşalar
1246542;Elektrik ülgüc Kemei KM-T360;32.94;Kişi elektrik ülgücləri
1512141;Şaxta Baba fiquru 5127, 90 sm;129.35;Ev üçün Yeni il bəzəkləri
450482;Roberto Cavalli Paradise Found kişilər üçün tualet suyu, 50 ml;69.85;Ətirlər
1592507;Bijuteriya dəsti boyunbağı, qolbaq və üzük 9812_64158206;58.49;Bijuteriya dəstləri
369997;Tonal krem Huda Beauty FauxFilter Luminous Matte Liquid Foundation 140G Cashew 35 ml;79.97;Tonal krem
1122758;Mikser Starlux SL-25219;23.98;Mikserlər
659761;Popkorn cihazı DSP KA2018 White;85;Digər mətbəx texnikası
1487722;No Brand Le Parfum ətir suyu qadınlar üçün 90 ml;49.99;Ətirlər
1067189;Bədən üçün sprey dəsti Victoria's Secret Velvet Petals (mist bədən üçün 75 ml + losyon bədən üçün 75 ml);44;Kosmetik hədiyyə dəstləri
1160176;Elektrik çaydan TIFFANY TF-971;39.64;Elektrik çaydanlar və termopotlar
962291;Givenchy L'Interdit Rouge Ultime qadınlar üçün ətir suyu 50 ml;150;Ətirlər
292707;Montblanc Legend kişilər üçün ətir suyu 100 ml;47.97;Ətirlər
319988;Samovar Sonifer SF-2084;177.29;Elektrik çaydanlar və termopotlar
974529;L'Evidence Yves Rocher ətir suyu qadınlar üçün, 50 ml;98.99;Ətirlər
332088;Victoria's Secret Bombshell qadınlar üçün ətir suyu 100 ml;98.4;Ətirlər
1404404;No Brand 1 Million kişilər üçün tualet suyu 100 ml;65;Ətirlər
1026897;No Brand Rovena Rodeoing For Her qadınlar üçün ətir suyu 100 ml;39.57;Ətirlər
1042414;Universal doğrayıcı Galaxy Electronics GMG-018;32;Mətbəx kombaynları və doğrayıcılar
436750;Dior Miss Dior qadınlar üçün ətir suyu 100 ml;299;Ətirlər
746747;Versace Eros kişilər üçün ətir suyu 100 ml;179;Ətirlər
194243;Montale Roses Musk qadınlar üçün ətir suyu 100 ml;165;Ətirlər
519441;Armaf Club de Nuit White Imperiale qadınlar üçün ətir suyu 105 ml;70;Ətirlər
667765;Valentino Donna Born In Roma Yellow Dream qadınlar üçün ətir suyu 100 ml;229;Ətirlər
1200325;Tonal krem-kuşon TIRTIR Mask Fit Red 23N Sand 18 q;40.44;Krem-pudra, kuşon
900766;Sendviç cihazı Sokany SK-08036;45;Sendviç cihazı
214038;Bentley Infinite kişilər üçün tualet suyu 100 ml;55.83;Ətirlər
339751;Armaf Vanity Essence qadınlar üçün ətir suyu 100 ml;29;Ətirlər
772645;Avon Today qadınlar üçün ətir suyu 100 ml;47.89;Ətirlər
1232314;Cronier CR-2063 28mm Buran Maşa;39.88;Saç üçün staylerlər və maşalar
214030;Bentley for Men kişilər üçün tualet suyu 100 ml;58.94;Ətirlər
696900;Jo Malone London Dark Amber & Ginger Lily uniseks odekolon 100 ml;286.82;Ətirlər
292702;Armaf Tag Her qadınlar üçün ətir suyu 100 ml;35;Ətirlər
193506;Narciso Rodriguez Fleur Musc For Her qadınlar üçün ətir suyu 50 ml;119;Ətirlər
246836;Roberto Cavalli Paradiso Assoluto qadınlar üçün ətir suyu 75 ml;75.36;Ətirlər
300966;Roberto Cavalli Nero Assoluto qadınlar üçün ətir suyu 75 ml;81.61;Ətirlər
1408757;Qızdırıcı Uğur IRF-2000;88;İnfraqırmızı və katalitik qızdırıcılar
194677;Montale Arabians Tonka uniseks ətir suyu 100 ml;170;Ətirlər
370147;Tozsoran Blackbird BVC 7038;105;Adi tozsoranlar
1414533;Tozsoran Blackbird BVC-4018;218;Adi tozsoranlar
300970;Roberto Cavalli Eau de Parfum qadınlar üçün ətir suyu 75 ml;93.49;Ətirlər
346550;Dior Sauvage kişilər üçün tualet suyu 60 ml;309.46;Ətirlər
1672946;No Brand Jadore qadınlar üçün ətir suyu 100 ml;59.97;Ətirlər
230876;Versace Pour Homme kişilər üçün tualet suyu 100 ml;140;Ətirlər
1455757;Saç üçün düzləşdirici V&GSALON V-9338, keramika örtüklü, sürətli isitmə, qulaqcıq hədiyyə - Anar87;44;Saç üçün düzləşdiricilər, ütülər
231108;Chanel Gabrielle qadınlar üçün ətir suyu 100 ml;239.2;Ətirlər
100194;Alhambra Kismet For Men kişilər üçün ətir suyu 100 ml;39.99;Ətirlər
226533;Tozsoran Eurolux EU-VC 2286 DSD;170;Adi tozsoranlar
500631;Armaf The Pride of Armaf For Men kişilər üçün ətir suyu 100 ml;61.79;Ətirlər
1806203;TV qoşma No Brand Stick 8GB/128GB;85;TV bokslar
954511;Gucci Rush qadınlar üçün tualet suyu, 75 ml;139;Ətirlər
440859;Ütü Goldmaster Masterjet GM-7619S BLK;186.23;Ütülər və buxar generatorları
1473279;Ütü Tiffany TF-1201 2600W Red;50;Ütülər və buxar generatorları
965480;Üz üçün gecə kremi Guerlain Abeille Royale 50 ml;87.95;Üz kremi
231843;Tom Ford Black Orchid qadınlar üçün ətir suyu 100 ml.;250;Ətirlər
1151115;Bədən üçün sprey Victoria`s Secret Velvet Petals 250 ml;20.97;Bədən üçün sprey
741607;Fragrance World Aventos kişilər üçün ətir suyu 100 ml;25.18;Ətirlər
230455;Alhambra Karat qadınlar üçün ətir suyu 100 ml;35;Ətirlər
1159705;Tozsoran Haley HY-9920;168.9;Adi tozsoranlar
575132;Orqanayzer dəsti HMSD_ŞK28, boz, 10 sm;15;Qutular, səbətlər və saxlama çantaları
306408;Paco Rabanne 1 Million kişilər üçün tualet suyu 100 ml;189;Ətirlər
194307;Ajmal Hatkora Wood uniseks ətir suyu 100 ml;199;Ətirlər
774862;Fen Energy Max Em-8108;75;Fenlər
518202;Sendviç cihazı Lexical LSM-2532 3 in 1;37.28;Sendviç cihazı
1968022;Kosmetika dəsti Milestone Pink Crystal bədən üçün ətirli sprey 250 ml + nəmləndirici losyon 250 ml - MJ-PC250GS;25;Kosmetik hədiyyə dəstləri
1120318;Blin cihazı Super Crest SCT-6025 Black;21.59;Blinçik və Vafli bişirən aparat
1503704;Yeni il şam ağacı SP701, hündürlüyü 180 sm - SP701(180);293.17;Yeni il şam ağacları və altlıqları
487691;Rue Broca Pride Intense kişilər üçün ətir suyu 100 ml;26.авг;Ətirlər
475661;Milestone Perfumes Zan uniseks ətir suyu 100 ml;24.29;Ətirlər
1482489;Elektrik qril Tiffany TF-851;33;Qril, barbekyu və manqallar
1026851;No Brand Rovena Cool Girl qadınlar üçün ətir suyu 100 ml;25.95;Ətirlər
251449;Dior Joy by Dior qadınlar üçün ətir suyu 90 ml;249;Ətirlər
786988;Blender RAF R.336 4 in 1;33.34;Blenderlər
908814;Blender RAF R.334;42;Blenderlər
870684;Ətçəkən Blackbird BMG-8806;166.5;Ətçəkən maşın
1408928;Qızdırıcı Uğur Sunset IRF-2500-01;85;İnfraqırmızı və katalitik qızdırıcılar
396877;Calvin Klein Euphoria qadınlar üçün ətir suyu, 100 ml;89;Ətirlər
431385;Lattafa Perfumes Khamrah uniseks ətir suyu 100 ml;55;Ətirlər
901849;Dolce & Gabbana The Only One qadınlar üçün ətir suyu, 100 ml;155;Ətirlər
474752;Fragrance World Vanille Bouquet qadınlar üçün ətir suyu 100 ml;34;Ətirlər
1163184;Versace Eros Energy kişilər üçün ətir suyu, 100 ml;59.98;Ətirlər
299192;Lacoste L'Homme Intense kişilər üçün tualet suyu 100 ml;190;Ətirlər
1122753;Mikser Starlux SL-25209;18.апр;Mikserlər
654468;Yves Saint Laurent Myself kişilər üçün ətir suyu 100 ml;199;Ətirlər
1473299;Mikser Tiffany TF-3001;29.78;Mikserlər
531567;Elektrik samovar Sonashi SSAM-3000;83.5;Elektrik çaydanlar və termopotlar
519442;Armaf Legesi Femme qadınlar üçün ətir suyu 100 ml;39.58;Ətirlər
937621;Montblanc Explorer Platinum kişilər üçün ətir suyu 60 ml;85.76;Ətirlər
230972;Escentric Molecules Escentric 01 uniseks tualet suyu 100 ml;280;Ətirlər
343413;Üz üçün konsiler Tarte Cosmetics Shape Tape Contour Concealer 22N 10 ml;33.96;Üz üçün korrektor, konsiler
1669664;Xaylayter Positive Light Silky Touch;17.82;Xaylayter və oxşar vasitələr
370146;Tozsoran Blackbird BVC 7088;199;Adi tozsoranlar
572848;Valentino Uomo kişilər üçün tualet suyu 100 ml;169;Ətirlər
1731682;Universal doğrayıcı Sokany SK-06009;17;Mətbəx kombaynları və doğrayıcılar
437231;Lacoste Pour Femme Elixir qadınlar üçün ətir suyu 90 ml;199;Ətirlər
732291;Armaf Oros Sacre Bleu Limited Edition Pour Homme kişilər üçün ətir suyu 85 ml;135;Ətirlər
1595190;Dəst Victoria's Secret Bare Vanilla Set;55;Kosmetik hədiyyə dəstləri
224978;Saç kəsimi üçün cihaz Hausberg HB-62 Black/Brown;19.78;Saç qırxan maşın
228323;TV qoşma TV Box X96Q 4K 2GB/16GB;54.97;TV bokslar
292705;Calvin Klein Euphoria qadınlar üçün ətir suyu 50 ml;99;Ətirlər
1094250;Salınma blenderi Sokany SK-02006;35.98;Blenderlər
1160778;Şişmə hovuz Intex Sweet Flower 58427, çəhrayı, 86x25 sm, 56 l;50;Hovuzlar
630397;Elektrik çaydan Quicks Q-6865;33.77;Elektrik çaydanlar və termopotlar
385814;Konsiler Tarte Cosmetics Shape Tape Ultra Creamy 20B Light 10 ml;41.98;Üz üçün korrektor, konsiler
1099783;Tozsoran Haley HY-1725;164.97;Adi tozsoranlar
752062;Ütü Sokany SK-YD-2126 Blue;35.67;Ütülər və buxar generatorları
724548;Elektrik cezve RAF R.127;15;Qəhvəbişirənlər, qəhvə maşınları
493911;Vertikal tozsoran Goldmaster GM- 7545 Joker;158.99;Vertikal tozsoranlar
893007;Trussardi Uomo Levriero Collection Limited Edition kişilər üçün ətir suyu 100 ml;164.07;Ətirlər
1273189;Şişmə hovuz Intex 700TX56490BN, 262x160x46 sm, oval, rəngbərəng, həcm 700 l, hava nasosu ilə - 700TX56490BN;83.69;Hovuzlar
953191;Elektrik qril Sokany SK-3574;24.29;Qril, barbekyu və manqallar
627074;Blender RAF R-320, White;17.33;Blenderlər
1026955;No Brand Rovena Midnight qadınlar üçün ətir suyu 100 ml;56.9;Ətirlər
641915;Saç kəsimi üçün cihaz Sokany SK-785;13.49;Saç qırxan maşın
1487364;Saç üçün düzləşdirici V&G Salon VG-9338;45;Saç üçün düzləşdiricilər, ütülər
1488871;Avtomobil üçün telefon tutacağı Qara;авг.97;Portativ qurğular üçün altlıq-tutacaq
850924;Ütü RAF R.1117;31.42;Ütülər və buxar generatorları
1622206;Şirəçəkən Hausberg HB-7545 Black;218.22;Şirəçəkənlər
5159;Ütü Tefal Maestro FV1842;141.9;Ütülər və buxar generatorları
1493528;Oriflame Excite for Him tualet suyu kişilər üçün 75 ml;26.96;Ətirlər
519459;Flavia B’Afric ətir suyu 100 ml;67.5;Ətirlər
1375043;Qəhvə maşını DSP SH_2521_0233 KA3115;233.22;Qəhvəbişirənlər, qəhvə maşınları
94648;Alhambra Fortnight kişilər üçün ətir suyu 100 ml;31.94;Ətirlər
302769;Buxarlı bişirici Hausberg HB-1350;183.47;Buxarlı bişiricilər
251066;Fen Sokany SK 8807;19.июн;Fenlər
480590;Lattafa Perfumes Velvet Rose uniseks ətir suyu 100 ml;29.48;Ətirlər
829192;Parfums de Marly Pegasus kişilər üçün ətir suyu, 125 ml;399;Ətirlər
1197810;Uşaq Hovuzu Intex 57100;31.48;Hovuzlar
586139;Blender RAF R.293;35.48;Blenderlər
34638;Trussardi Uomo Levriero Collection kişilər üçün ətir suyu 100 ml;283.9;Ətirlər
1230584;Slayser Silver SL-2301;146.76;Mətbəx kombaynları və doğrayıcılar
437250;Lacoste Pour Femme Elixir qadınlar üçün ətir suyu, 50 ml;125;Ətirlər
238844;Attar Collection Floral Musk uniseks ətir suyu 100 ml;144.87;Ətirlər
725028;Ütü RAF R.1165;46.99;Ütülər və buxar generatorları
230852;Cartier Declaration kişilər üçün tualet suyu 50 ml;110.89;Ətirlər
425712;Vertikal tozsoran Fantom Pratic-XL P1300 Gray;95;Vertikal tozsoranlar
397359;Tom Ford Velvet Orchid qadınlar üçün ətir suyu, 100 ml;249;Ətirlər
255127;Ütü Sokany AJ-2052;75.61;Ütülər və buxar generatorları
193505;Narciso Rodriguez Fleur Musc For Her qadınlar üçün ətir suyu 30 ml;85;Ətirlər
240497;Carolina Herrera 212 Sexy Men kişilər üçün tualet suyu 100 ml;149;Ətirlər
230922;Narciso Rodriguez For Her qadınlar üçün ətir suyu 50 ml;100;Ətirlər
261954;Alhambra Libbra qadınlar üçün ətir suyu 100 ml;28;Ətirlər
397347;Victoria's Secret Bombshell Intense qadınlar üçün ətir suyu 100 ml;211.83;Ətirlər
258763;Lattafa Perfumes Sheikh Al Shuyukh uniseks ətir suyu 100 ml;48.44;Ətirlər
230955;Versace Bright Crystal qadınlar üçün tualet suyu 90 ml;135;Ətirlər
397355;Chanel Coco Mademoiselle Intense qadınlar üçün ətir suyu 100 ml;249;Ətirlər
874131;Dior Tobacolor uniseks ətir suyu 125 ml;568.61;Ətirlər
519444;Armaf The Pride White qadınlar üçün ətir suyu 100 ml;45.56;Ətirlər
134255;Orlov Paris De Young Red uniseks ətir suyu 75 ml;300;Ətirlər
397336;Memo Paris Marfa uniseks ətir suyu, 75 ml;500;Ətirlər
294854;Yves Saint Laurent Black Opium qadınlar üçün ətir suyu 50 ml (3365440788039);200;Ətirlər
989869;Konvektor RAF R.1176;62.4;Konvektorlar
630225;Blender RAF R.325 Black;16.97;Blenderlər
230868;Bentley for Men Silverlake kişilər üçün ətir suyu 100 ml;89;Ətirlər
1505573;Mikser RAF R.6666;23.мар;Mikserlər
1993633;Qadın sırğaları 5720, paslanmayan polad;12;Sırğalar
230842;Versace Man Eau Fraiche kişilər üçün tualet suyu 100 ml;120;Ətirlər
709667;Yves Saint Laurent Libre L'Absolu Platine qadınlar üçün ətir suyu 90 ml;249;Ətirlər
500644;Armaf Odyssey Homme kişilər üçün ətir suyu 100 ml;58;Ətirlər
306366;Lancome La Vie Est Belle qadınlar üçün ətir suyu 75 ml.;179;Ətirlər
772395;Ətçəkən Hausberg HB-3415R;71.5;Ətçəkən maşın
890925;Armaf Niche Platinum kişilər üçün ətir suyu 90 ml;79.1;Ətirlər
316261;Versace Eros kişilər üçün tualet suyu 100 ml;129;Ətirlər
230939;Versace Crystal Noir qadınlar üçün ətir suyu 90 ml;149.6;Ətirlər
237950;Calvin Klein Beauty qadınlar üçün ətir suyu 50 ml;53.1;Ətirlər
1451352;Lattafa Teriaq Intense uniseks ətir suyu 100 ml;65;Ətirlər
751606;Tozsoran Samsung SC-5251V3R;258.29;Adi tozsoranlar
1562716;No Brand Sganodol qadınlar üçün ətir dəsti 2x50 ml;18;Ətirlər
193556;Yves Saint Laurent Libre Intense qadınlar üçün ətir suyu 50 ml;199;Ətirlər
258774;Armaf Bucephalus IX uniseks ətir suyu 100 ml;45.75;Ətirlər
195880;Ajmal Aristocrat kişilər üçün ətir suyu 75 ml;70;Ətirlər
1422929;Qızdırıcı ventilyator RAF R.1182;34.49;Qızdırıcı ventilyatorlar
1473104;Fen-fırça Cronier CR-6866 800W;40;Fenlər
1204327;Şişmə hovuz Intex 700TX56490T400, oval, rəngbərəng, 262x160x46 sm, həcm 700 l;121.39;Hovuzlar
442508;Bentley Beyond The Collection Vibrant Hibiscus ətir suyu hamı üçün 100 ml;104.9;Ətirlər
300804;Xerjoff Casamorati 1888 Lira qadınlar üçün ətir suyu 100 ml;399;Ətirlər
381078;Lattafa Pride Winners Trophy Gold uniseks ətir suyu 100 ml;53.69;Ətirlər
1473238;Qəhvəbişirən Tiffany TF-996;25;Qəhvəbişirənlər, qəhvə maşınları
907034;Moschino Toy 2 qadınlar üçün ətir suyu 30 ml;100;Ətirlər
809172;Oyuncaqlar üçün səbət 45x40x35 sm, qəhvəyi;14;Oyuncaqlar üçün səbətlər və qutular
301005;Elie Saab Le Parfum Essentiel qadınlar üçün ətir suyu 90 ml.;150.47;Ətirlər
1273190;Şişmə hovuz Intex, Oval, 262x160x46 sm, həcm 700 l, rəngbərəng - 700TX56490EN;90.25;Hovuzlar
1208357;No Brand Libre Le Parfum qadınlar üçün ətir suyu 90 ml;16;Ətirlər
500629;Ard Al Zaafaran Ahlam Al Arab uniseks ətir dəsti (ətir suyu 80 ml + dezodorant);39.74;Ətir dəstləri
225145;Elektrik cəzvə Hausberg HB-3810RS;19.19;Qəhvəbişirənlər, qəhvə maşınları
1204172;Uşaqlar üçün şişmə hovuz Intex 57TX57100P, çəhrayı, 85x85x23 sm, 57 l;25.75;Hovuzlar
41089;Üyüdücü Eurolux EU-FC2544YGS;38.69;Mətbəx kombaynları və doğrayıcılar
1127227;Şişmə hovuz Intex H58225588427NP, 86x25 sm, 56 l, rəngbərəng;35.98;Hovuzlar
413150;Qəhvəbişirən King K-446;53.97;Qəhvəbişirənlər, qəhvə maşınları
1129749;Vertikal tozsoran Sokany SK-13033;157.78;Vertikal tozsoranlar
1383889;No Brand Egoiste Platine Chance kişilər üçün ətir suyu, 100 ml;13.98;Ətirlər
1216024;Ağıllı saat Z10 Pro Watch 10 qara;39.99;Ağıllı saatlar və fitnes qolbaqları
956678;Elektrik çaydan və dəm çaydanı Hausberg HB-3640;85.99;Elektrik çaydanlar və termopotlar
480588;Armaf Opus Femme qadınlar üçün ətir suyu 100 ml;55;Ətirlər
687224;Vertikal tozsoran Fantom Pratic-XL P1300 Red;99;Vertikal tozsoranlar
910038;Jeanne Arthes Night Club kişilər üçün tualet suyu 100 ml;28;Ətirlər
1592359;Bijuteriya dəsti boyunbağı, sırğa və üzük 9812_60187991;16.19;Bijuteriya dəstləri
120171;Kirpiklər üçün tuş Essence Lash Princess False Mascara Qara 12 ml;8;Kirpiklər üçün tuş
239555;Alexandre.J The Majestic Oud uniseks ətir suyu 100 ml;143.08;Ətirlər
805588;Universal doğrayıcı Galaksi GMG-012;17.97;Mətbəx kombaynları və doğrayıcılar
1160868;Lak qurudan lampa Sun 5 Plus;29.98;Dırnaq dizaynı üçün fırçalar və alətlər
451484;Prada Milano La Femme Intense qadınlar üçün ətir suyu 100 ml;180;Ətirlər
670483;Kirpiklər üçün tuş Essence Lash Princess, qara, 12 ml;9;Kirpiklər üçün tuş
1135624;Karkaslı hovuz İntex Rectangular Frame H26374NP, qara, 975x488x132 sm, 54368 l;3292.67;Hovuzlar
1070624;Johnwin Mercure 05 Essence ətir suyu unsieks100 ml;22.49;Ətirlər
1266757;Victoria's Secret Bombshell Amalfi qadınlar üçün ətir suyu 100 ml;139.98;Ətirlər
238658;Elie Saab Le Parfum Royal qadınlar üçün ətir suyu 90 ml;135.77;Ətirlər
978011;Vertikal tozsoran Haley HY-3901;103.49;Vertikal tozsoranlar
1166715;Elektrik çaydan Hausberg HB-3640IN;86.4;Elektrik çaydanlar və termopotlar
1266727;Tom Ford Rose De Russie uniseks ətir suyu 100 ml;315.05;Ətirlər
301039;Mawaz Manzor Black Rose Intense uniseks ətir suyu 100 ml;53.29;Ətirlər
438201;Aerofritür Lexical LAF-3010;72;Airfryer və Fritozlar
1828882;Tom Ford Black Orchid uniseks ətir suyu 100 ml;467.88;Ətirlər
301020;Escentric Molecules Escentric 01 uniseks tualet suyu 30 ml;130;Ətirlər
294465;By Kilian Straight To Heaven White Crystal uniseks ətir suyu 50 ml;449;Ətirlər
630232;Mikser RAF R.6633 Orange;09.дек;Mikserlər
438420;Yves Saint Laurent Y Le Parfum kişilər üçün ətir suyu, 100 ml;207.2;Ətirlər
935978;Xerjoff Wardasina uniseks ətir suyu 50 ml;428.09;Ətirlər
222552;Elie Saab Le Parfum Essentiel qadınlar üçün ətir suyu, 50 ml;106.39;Ətirlər
935975;Xerjoff Amabile uniseks ətir suyu 100 ml;569.28;Ətirlər
251207;Montblanc Explorer kişilər üçün ətir suyu 100 ml;108.97;Ətirlər
1811993;Vertikal buxarlayıcı DSP KD6019 - SHRK_4884_01040;184.97;Geyim buxarlayıcıları
366406;Elektrik manqal DSP KB-4008;62.42;Qril, barbekyu və manqallar
1422890;Qızdırıcı ventilyator RAF R.1405;49.84;Qızdırıcı ventilyatorlar
1581958;Honey Kitty uşaqlar üçün ətir suyu, 50 ml;10;Uşaq ətirləri
721198;Göz altı patçlar Dr.Rashel Vitamin C Brightening Hydrogel Eye Mask, 60 шт;6;Göz altı patçlar
1663400;Vafli bişirən cihaz RAF R.2226 Black;46.54;Blinçik və Vafli bişirən aparat
1783235;Üz üçün ağardıcı krem Dr.Bahar Arbutin 5% SPF60, 50 ml;12;Üz kremi
1658649;Üz üçün krem Enough Collagen Moisture, 100 ml;сен.31;Üz kremi
1917146;Dodaq qələmi Miss Tais 764, 7 q;03.апр;Dodaq üçün qələm
450483;Roberto Cavalli Uomo Deep Desire kişilər üçün tualet suyu, 100 ml;135.36;Ətirlər
1917131;Dodaq qələmi Miss Tais 765, 7 q;янв.98;Dodaq üçün qələm
1982877;Dodaq üçün qələm Miss Tais 765 2 q;апр.98;Dodaq üçün qələm
1932333;Dodaq qələmi Miss Tais - 765;0.57;Dodaq üçün qələm
1982783;Dodaq üçün qələm Miss Tais 765 1.87 q;янв.19;Dodaq üçün qələm
1315983;Dodaq qələmi Miss Tais №764;0.84;Dodaq üçün qələm
1429886;Dodaq üçün qələm Miss Tais 764 Dark Brown;янв.95;Dodaq üçün qələm
348398;Dodaq üçün qələm Miss Tais ton 764 mat;0.94;Dodaq üçün qələm
1910470;Üz üçün krem Dr. Bahar Arbutin 5, 30 ml;28;Üz kremi
1232706;Dodaq üçün qələm 765, 1 əd;0.86;Dodaq üçün qələm
1779735;Ağardıcı üz kremi Dr.Bahar 5% Arbutin SPF60, 50 ml;13.89;Üz kremi
820667;Kondisioner Evvoli EVPRO-12K-MD;819.28;Kondisionerlər
311879;Ətçəkən Prestige PR-MG8840;135.52;Ətçəkən maşın
1222086;Karkaslı hovuz Intex 8592TX26716C, 366x366x99 sm, 8592 l, boz;693.06;Hovuzlar
1459524;Şam ağacı 701GG, qozalarla, yaşıl, 180 sm;167.3;Yeni il şam ağacları və altlıqları
588623;Kondisioner Mayer ESAF-09HDN1(H)/D;689.41;Kondisionerlər
197027;Montblanc Individuel kişilər üçün tualet suyu 75 ml;98.24;Ətirlər
301302;Saç düzləşdirici Dyson Corrale Black Nickel Fuchsia;975.11;Saç üçün düzləşdiricilər, ütülər
239546;Yves Saint Laurent L'Homme kişilər üçün tualet suyu 100 ml;152.02;Ətirlər
1235325;Tv BOX T9 Android 8G-128G 6K;67.49;TV bokslar
300801;Zarkoperfume The Lawyer uniseks ətir suyu 100 ml;191.27;Ətirlər
587411;Pizza bişiricisi Ariete 0918/00, ağ;433.5;Digər mətbəx texnikası
587412;Elektrik qril Ariete 730;353.25;Qril, barbekyu və manqallar
247817;Issey Miyake L'Eau Bleue В'Issey kişilər üçün tualet suyu 75 ml;73.44;Ətirlər
300805;Xerjoff Casamorati Dolce Amalfi uniseks ətir suyu 100 ml;275.36;Ətirlər
1270770;Karkas hovuz Intex Prism Frame, boz, 366x99 sm, 8592 l;643.22;Hovuzlar
374607;Alexandre.J The Majestic Musk uniseks ətir suyu 100 ml.;189.88;Ətirlər
292714;Attar Collection Crystal Love For Him kişilər üçün ətir suyu 100 ml;167.69;Ətirlər
374573;Xerjoff Casamorati Mefisto Gentiluomo kişilər üçün ətir suyu 100 ml;341.07;Ətirlər
1163537;Hovuz Intex 26374, karkas, ölçüsü 975x488x132 sm, tutumu 54368 l;3998.99;Hovuzlar
587409;Buz doğrayıcı Ariete 0076/01, mavi;188.55;Digər mətbəx texnikası
584068;Şirin pambıq hazırlayan cihaz Ariete 00C297300AR0;167.95;Digər mətbəx texnikası
689125;Qarlı qozalı şam ağacı SP732-150, 150 sm, yaşıl/ağ;132.92;Yeni il şam ağacları və altlıqları
584744;Oyun kreslosu Anda Seat Axe Series Gaming Chair (AD5-01-BS-PV);1439.69;Oyun oturacaqları
438435;Roberto Cavalli Golden Anniversary Intense qadınlar üçün ətir suyu 75 ml;123.37;Ətirlər
584067;Şirin pambıq hazırlayan cihaz Ariete 00C297301AR0;167.64;Digər mətbəx texnikası
716302;Saç üçün düzləşdirici Dyson Corrale HS03 Fuchsia/Nickel;945.79;Saç üçün düzləşdiricilər, ütülər
1768749;Dodaq üçün qələm Miss Tais 765;0.55;Dodaq üçün qələm
881840;Kondisioner Eurolux ZTW-EUAC60CHS410TFD;3300.12;Kondisionerlər
